car_id,worker_id,fix_date,work_type,destroy_degree,work_duration
V17731660D,CC,2019-11-22 19:46,reparking,1.0,27
l-1350181V,TK,2019-8-26 8:12,repair,5.9,20
X92542067O,RW,2019-2-30 16:52,reparking,1.0,31
d-6306152w,DX,2019-9-22 9:57,repair,5.0,11
k80622724j,MP,2019-1-27 8:3,reparking,1.0,28
o-2230333Q,PM,2019-12-23 21:34,repair,6.0,25
B-1014343c,LR,2020-7-15 17:38,repair,7.3,36
i-1780898q,PD,2020-5-28 3:0,refuel_check,1.0,22
d12372286F,UL,2019-10-20 7:24,reparking,1.0,25
G-1142740Y,ZK,2020-3-9 22:5,reparking,1.0,25
m10044876m,GJ,2019-2-23 22:59,reparking,1.0,23
Q95201750W,GM,2019-9-24 16:22,repair,5.0,23
c16315117g,DV,2020-8-30 14:2,reparking,1.0,36
q-9778677k,JD,2018-8-16 8:49,repair,4.5,8
a17643694D,QC,2019-3-14 1:33,repair,7.1,39
K-4641446C,ZG,2019-2-13 17:42,repair,5.0,8
I-2241275u,AP,2019-8-20 14:55,repair,5.0,12
y-6862226e,XT,2020-3-20 8:21,repair,5.9,21
e16589933J,RK,2019-11-14 15:50,reparking,1.0,29
q-1934815V,HF,2019-6-2 2:27,refuel,1.0,19
F13872120Q,LW,2020-4-2 21:57,reparking,1.0,25
e51824650T,VW,2019-11-27 1:56,repair,7.0,42
B48974125q,JK,2020-7-12 19:58,reparking,1.0,28
S51862418Z,CP,2019-6-4 1:38,repair,5.1,23
F21210270i,PT,2020-3-17 18:13,refuel_check,1.0,28
W16124617T,NT,2020-4-14 3:8,repair,5.0,17
s12636553X,AB,2020-2-27 10:21,repair,5.0,19
y13346481U,UV,2020-1-16 13:41,repair,6.6,22
X-2025425S,QR,2021-10-24 6:36,reparking,1.0,23
V-1379906N,FL,2019-6-30 0:48,repair,5.0,71
V15006679q,VN,2020-9-4 14:12,repair,5.0,25
I-1365750g,TC,2018-9-27 13:5,reparking,1.0,31
m17238174V,YB,2019-2-19 17:7,repair,5.2,11
q94030730T,ZM,2020-7-6 2:0,refuel_check,1.0,23
q22536275I,ZY,2019-1-14 4:38,reparking,1.0,20
m14509987y,YW,2019-11-11 8:45,repair,6.2,28
F-5246713K,GX,2019-9-17 14:48,reparking,1.0,34
W-1379693E,VC,2021-10-18 13:8,reparking,8.0,36
S-8849274i,FM,2020-9-12 6:6,refuel_check,1.0,24
m-6096249A,PC,2019-12-16 14:48,reparking,1.0,34
z14373118M,QC,2018-4-14 10:36,reparking,1.0,29
h-1471406A,FP,2020-4-6 19:0,repair,4.3,3
w-5228692b,HF,2020-9-10 1:24,repair,5.5,26
F-3717420g,QJ,2019-4-2 15:52,reparking,1.0,33
F-1281291q,RV,2021-9-23 6:52,reparking,1.0,27
w56514594s,SP,2020-5-6 8:49,reparking,8.0,42
z27061701s,FW,2021-9-29 5:26,repair,5.3,15
u10882919q,BX,2020-8-8 7:11,repair,5.6,18
J-1375350s,UJ,2019-5-10 18:30,repair,4.7,8
b-1841365W,MT,2020-6-6 7:47,repair,6.6,32
X57547367K,PC,2020-7-3 19:21,repair,3.9,2
C-1824427C,WN,2018-1-2 6:15,repair,4.4,5
Y-1601248M,ZD,2020-4-20 17:12,repair,5.0,59
Q20152079M,MH,2021-11-4 16:52,reparking,1.0,28
I19519230g,YT,2020-4-3 10:7,repair,5.0,35
T-4816158p,FS,2020-5-16 14:43,repair,4.3,2
v21419444H,PM,2021-11-2 20:24,reparking,1.0,26
Q18184821V,MX,2019-11-20 20:37,reparking,1.0,26
A-8722732Y,DM,2020-2-12 19:51,repair,6.8,30
e-1871336X,JG,2019-4-25 14:1,repair,4.9,4
t12862550R,FK,2020-1-30 6:6,reparking,1.0,26
z20967349y,GL,2021-8-30 9:31,reparking,9.0,53
L-3091113U,BN,2020-2-14 19:51,refuel,1.0,26
Q13107712S,AY,2020-8-14 23:40,repair,4.7,12
E-2303161i,UT,2020-12-14 4:39,refuel_check,1.0,25
l-2034865v,TC,2020-7-17 8:18,reparking,8.0,42
I11235572D,HK,2020-6-25 19:26,repair,6.8,31
c-5109324M,UF,2020-2-25 17:25,repair,6.6,24
e-2298546G,RD,2019-12-5 16:45,reparking,1.0,30
d29182443g,WW,2018-12-7 19:24,reparking,8.0,41
Y20219330u,XR,2020-1-4 7:1,repair,10.0,62
y-7891908I,MV,2019-2-30 9:57,reparking,1.0,28
l63704444j,QR,2019-6-24 23:59,reparking,1.0,23
h22143155t,TN,2019-10-21 11:46,reparking,1.0,28
I22440337b,YB,2020-3-17 0:20,reparking,1.0,18
P38462979Z,QG,2019-2-16 8:4,repair,6.8,32
O22278795N,IZ,2019-10-11 6:38,reparking,1.0,24
b-7700745A,ZH,2020-7-11 21:48,reparking,1.0,23
V25420898f,PJ,2020-10-23 21:59,reparking,1.0,26
I-1076572F,VZ,2021-3-2 20:52,reparking,1.0,26
d-6306152w,TM,2019-6-13 5:6,reparking,1.0,25
l-1093239y,UC,2020-5-9 14:18,repair,6.0,15
c-5109324M,ZZ,2019-3-3 4:30,reparking,1.0,19
y10008175H,OD,2020-1-18 22:14,repair,6.7,31
y-1186114M,CW,2019-7-12 17:59,reparking,1.0,30
I14037000L,XO,2020-7-30 20:7,repair,10.0,60
a-2102067D,JO,2020-12-3 7:8,reparking,1.0,24
h-1653598B,XV,2019-4-15 13:50,repair,10.0,58
z-1949863K,HK,2019-4-27 3:42,repair,6.4,29
j14357183b,FK,2020-7-11 4:0,reparking,1.0,23
j12695032H,GH,2021-10-18 13:33,reparking,1.0,30
G-1021041e,ZV,2019-4-5 6:49,refuel_reparking,1.0,23
W12580302G,LG,2020-11-28 19:35,reparking,1.0,26
C-1474923V,LO,2019-6-22 23:40,reparking,1.0,22
c-6803942q,HJ,2018-2-22 22:34,reparking,5.0,53
p-2218108h,OW,2020-7-16 10:27,reparking,1.0,31
j24085349g,ED,2020-9-1 3:43,repair,7.3,40
J19944134O,ZR,2020-6-20 8:47,reparking,1.0,25
h21048848g,LW,2019-12-24 10:43,refuel_check,1.0,27
j-1048694D,UO,2019-8-24 4:33,repair,5.9,25
f33472955D,VK,2019-6-3 21:38,repair,4.3,7
y22036327x,JD,2021-5-7 15:17,repair,3.6,8
W12813124A,OK,2019-4-24 3:48,reparking,1.0,21
L-3091113U,WC,2020-7-23 12:20,repair,6.0,20
D20027074m,FS,2020-12-22 1:32,repair,5.6,28
P16249958z,OL,2019-6-17 3:9,reparking,1.0,22
j-2443705k,JT,2019-8-4 20:6,repair,7.4,39
S57207962W,SR,2020-12-16 16:56,repair,6.9,28
G-5803601t,DF,2019-10-14 23:0,repair,4.5,12
D-1282919w,NC,2021-5-8 18:53,reparking,1.0,27
R-6026564t,AF,2019-7-21 10:36,refuel,1.0,29
f-1105506T,SP,2020-6-29 13:9,reparking,1.0,35
X-4982283g,ID,2020-9-9 15:6,repair,7.0,28
U10196977w,GR,2019-7-25 4:41,repair,5.0,25
f-9478926P,FG,2019-9-18 17:47,repair,8.2,42
b15700398U,QK,2019-9-13 22:23,reparking,1.0,25
a-1619939H,JM,2019-7-21 3:25,repair,5.0,21
g95214033T,XD,2020-6-12 6:39,repair,5.5,18
X92542067O,NG,2019-1-6 5:32,reparking,1.0,24
F-2014448f,UR,2020-9-29 23:42,refuel,1.0,26
w-5228692b,WR,2019-2-29 13:12,reparking,1.0,33
p-6575392u,JD,2019-1-5 18:28,repair,4.7,5
x-5170115g,VT,2021-8-10 1:36,repair,6.7,36
j93831613T,MB,2020-4-22 12:5,repair,6.4,19
a18290954q,GH,2019-2-14 19:55,repair,5.8,20
d11870153q,UG,2019-8-9 10:11,repair,6.6,27
o-2230333Q,UL,2019-7-7 20:1,reparking,10.0,63
E20835455V,UB,2020-4-17 18:58,reparking,1.0,27
W84591292c,HB,2020-8-6 10:53,reparking,1.0,28
s-2348164i,TO,2020-1-5 8:33,refuel_check,1.0,29
Y33598548t,AO,2019-9-26 23:15,reparking,1.0,24
H-1427574Q,LG,2019-10-28 14:24,repair,7.2,27
k-1257348Z,YP,2021-10-15 23:59,reparking,1.0,23
n-2191377U,AR,2019-8-30 4:46,reparking,1.0,23
F-2014448f,EK,2020-11-28 3:5,reparking,1.0,22
Y-3623566j,VR,2020-10-9 6:52,repair,4.0,7
r49513238g,ER,2020-4-4 18:52,reparking,1.0,26
p36403563J,CG,2021-8-24 16:4,reparking,1.0,29
k-8344028I,CL,2019-10-14 8:51,repair,3.7,2
k-3827662N,UX,2020-3-26 11:28,reparking,1.0,31
p-1412843B,PT,2019-9-28 6:55,reparking,1.0,24
e-1431476C,HM,2019-3-28 7:9,reparking,1.0,29
q11111661t,VZ,2019-3-27 13:50,reparking,1.0,32
F19655329e,DZ,2019-10-3 14:30,repair,5.3,10
J-6128519w,XS,2019-3-13 5:41,reparking,1.0,21
o11831948f,SD,2021-6-1 6:22,reparking,1.0,28
l13487906Z,WG,2021-5-18 23:46,reparking,10.0,66
h-3324382r,KF,2019-3-9 21:37,reparking,1.0,24
p21700418u,MR,2019-9-20 10:43,reparking,1.0,31
c-4218281W,CO,2020-12-4 5:35,reparking,1.0,23
E12627268X,HF,2020-5-7 17:45,reparking,1.0,27
R48693721d,DZ,2020-10-30 18:13,reparking,1.0,30
z30748083x,PS,2019-8-7 10:25,refuel_check,1.0,28
U21563223f,AT,2020-9-26 12:47,repair,5.1,10
l-1777483G,TH,2019-10-5 3:45,reparking,1.0,19
T26114237j,YS,2020-5-1 17:16,repair,5.3,13
k-8161578F,IT,2020-2-6 18:32,reparking,1.0,30
C-6297401x,FO,2021-7-4 17:38,reparking,1.0,29
R58685992d,YC,2019-2-22 12:48,refuel,1.0,32
r-1747802Y,SB,2021-4-6 19:46,reparking,10.0,48
k56379516I,MT,2020-11-19 23:50,reparking,1.0,24
T-3713662f,QX,2019-12-1 20:58,repair,6.2,23
R-2604531w,BX,2020-6-18 12:0,reparking,1.0,28
A21434112a,DC,2020-3-2 8:2,repair,6.3,26
V19188921q,DJ,2019-8-4 3:24,repair,2.6,3
x-1493139c,CB,2019-5-4 19:16,repair,6.6,30
U-2999317K,OG,2019-4-2 6:31,reparking,1.0,26
H-2314002q,OP,2020-1-24 11:20,reparking,1.0,30
h10365943a,ZP,2019-12-22 17:54,reparking,1.0,30
Z40913589r,LX,2019-1-30 4:24,repair,5.5,23
C14774858G,US,2020-4-23 14:41,reparking,1.0,32
j13604535M,KJ,2019-4-3 23:57,reparking,1.0,24
j96153745Y,JM,2019-9-24 7:34,reparking,1.0,25
g10607086a,WG,2019-3-9 18:10,repair,7.0,30
I-1653043h,WJ,2020-4-2 23:13,refuel_check,1.0,25
k18184245a,OF,2019-9-14 4:19,repair,4.8,10
n-1234776I,RG,2019-10-14 18:46,repair,4.3,3
L89956190C,QX,2021-8-30 16:40,reparking,1.0,30
X59377610U,PO,2020-6-1 21:30,reparking,1.0,28
k-1224817B,BB,2019-5-25 23:0,repair,5.6,24
v-1933500B,SD,2020-12-17 21:26,repair,4.7,11
Z12099189J,PJ,2019-5-25 10:39,reparking,8.0,39
I15820206Y,CL,2019-1-24 11:33,repair,6.0,20
N12073924r,TB,2020-11-26 21:27,repair,5.2,15
E-2303161i,QR,2019-6-9 13:46,repair,5.0,16
T-9702381Q,PW,2019-4-29 7:38,reparking,1.0,26
z10591393O,VY,2020-12-22 14:11,reparking,1.0,34
t-9579155A,EK,2020-9-29 21:35,reparking,1.0,26
I-8355494d,TY,2020-6-16 1:5,repair,2.8,1
Z13389438N,EW,2019-11-9 0:12,repair,10.0,70
y15351106P,DC,2021-9-15 7:48,reparking,1.0,26
D-2288304t,MZ,2020-4-5 7:15,reparking,1.0,28
m-6328619n,QX,2019-1-1 2:20,reparking,1.0,21
X59877556W,JH,2019-2-5 12:28,repair,5.4,13
H-4293906U,KT,2019-4-25 4:10,repair,3.9,5
p-1318279Y,PB,2020-8-30 17:47,refuel_check,1.0,29
z96586459k,FH,2020-7-15 6:59,repair,5.0,15
F19759755s,MM,2020-8-23 21:48,repair,6.1,23
X-5522505j,RB,2021-9-20 21:4,reparking,1.0,27
k-1974790a,GM,2018-11-7 20:12,repair,5.2,12
f-2002950g,NK,2019-4-1 1:25,refuel_check,1.0,24
o11831948f,WL,2019-10-6 18:4,repair,6.4,24
w36526108Q,QY,2020-3-19 3:1,repair,6.9,35
l16419188x,LZ,2019-8-28 22:45,reparking,1.0,24
Z-1287554l,KZ,2019-12-14 7:39,repair,5.8,23
N16820938I,VC,2020-12-24 16:6,repair,5.0,36
p23824603P,GC,2019-2-7 20:56,repair,5.0,16
C65217807q,FF,2020-12-9 16:50,reparking,1.0,30
R36754064s,FZ,2019-4-28 7:31,reparking,1.0,28
Y17641932g,CP,2021-9-2 22:51,reparking,1.0,24
v19590600j,RC,2019-3-13 1:30,repair,4.0,10
m27478087C,BV,2021-3-28 11:19,repair,6.1,19
U-1160366X,TX,2020-2-11 1:10,reparking,1.0,23
G-1806976v,LB,2021-10-13 20:23,reparking,1.0,26
D80715931S,PX,2018-6-29 19:2,reparking,1.0,29
P-6438275P,MP,2019-7-7 11:40,reparking,1.0,29
d-1701620f,JY,2019-5-4 19:48,reparking,1.0,26
Y-1557667C,UD,2020-4-19 3:39,reparking,1.0,19
g-1172107b,LO,2020-7-25 8:11,reparking,1.0,31
S-1165625A,NV,2020-3-12 20:12,repair,5.6,17
b14461433a,XS,2018-4-7 3:37,repair,10.0,65
I72983800c,KB,2020-10-18 20:10,reparking,1.0,26
g-2192948d,JN,2020-3-9 10:4,repair,5.3,13
F14621726S,QT,2019-5-25 20:58,repair,6.5,26
S18526691D,AW,2020-2-2 10:30,repair,5.1,14
d-8243311Q,VM,2020-8-30 22:3,repair,7.3,39
d-9343733m,HY,2019-12-1 8:20,repair,3.6,1
J-1591152g,HT,2019-6-18 16:38,repair,3.5,8
N46867519s,ZH,2020-10-5 2:37,reparking,1.0,22
m-2170480a,PO,2020-7-8 6:3,refuel,1.0,25
D-9876139m,DG,2019-4-29 20:36,reparking,1.0,25
y-1543617G,ZW,2019-9-15 14:51,refuel,1.0,33
H21645757W,GW,2019-4-6 9:19,reparking,1.0,29
R-3455074p,HD,2020-12-12 21:46,reparking,1.0,26
N-9242492M,NJ,2020-8-5 4:37,refuel,1.0,20
W64809322G,YO,2020-2-13 5:11,reparking,1.0,24
N19466610n,RB,2020-3-14 19:43,repair,4.1,1
B-2080522o,PZ,2019-9-16 6:10,refuel,1.0,26
s-1314113K,MN,2018-3-30 0:25,repair,6.3,32
y-1260563u,MG,2020-11-20 19:13,repair,10.0,63
B-7061824g,DS,2019-12-4 7:57,repair,4.7,9
P-1304830I,JB,2019-1-8 13:36,refuel,1.0,32
Z18581700b,AO,2020-1-5 18:48,reparking,1.0,29
m14536727w,QG,2019-6-23 7:39,repair,6.0,24
a62409009p,YV,2019-6-8 19:13,reparking,1.0,29
E91803080M,RS,2019-11-20 6:42,reparking,1.0,25
q-1063718E,DX,2018-8-22 2:2,repair,4.7,14
F-8936113w,QX,2019-5-3 18:15,repair,6.5,27
E-1303477p,JR,2019-10-10 16:34,refuel_check,1.0,29
i-1792521P,OM,2020-4-15 22:9,repair,6.2,27
C42180984m,AR,2019-5-28 17:53,reparking,1.0,29
x17870277F,EH,2020-11-11 10:40,reparking,1.0,26
V-1631985s,UV,2020-2-12 14:37,reparking,10.0,55
T-1330042o,RJ,2021-7-11 21:29,reparking,1.0,26
M14327372R,IR,2019-11-30 21:30,refuel_check,1.0,24
w15492015F,TY,2019-2-30 17:4,repair,5.2,11
p11757819W,ST,2021-4-4 17:25,repair,3.7,5
W-2084026P,QR,2021-9-26 7:47,refuel,1.0,26
E-2245516j,IH,2019-10-5 17:45,reparking,1.0,30
k-1224817B,XD,2019-9-6 14:11,reparking,10.0,57
G17377477X,FF,2019-10-24 19:20,repair,5.0,57
H-1616317s,NX,2021-1-11 12:3,refuel,1.0,28
l52609165Q,JH,2019-8-15 21:56,refuel_check,1.0,26
Q14257920p,GR,2018-12-20 16:23,repair,6.3,23
y21714726w,IV,2020-12-19 23:37,repair,5.9,25
n-1071951P,KN,2018-3-1 5:8,refuel_check,1.0,23
m18230401Q,LP,2020-4-29 19:14,repair,5.8,19
i10951171w,BP,2019-3-28 12:47,repair,4.4,3
n-2660891Q,MT,2021-6-25 17:37,repair,5.8,17
j34555443Q,PC,2019-6-24 22:11,reparking,1.0,23
L80368980J,DH,2019-4-26 5:18,repair,4.1,6
e12675591w,EM,2020-5-5 10:55,repair,5.5,15
J-1499062M,BL,2020-3-11 10:6,reparking,1.0,30
s-2348081o,RG,2019-5-30 11:48,refuel,1.0,31
R18897906H,VB,2018-9-18 18:24,reparking,1.0,31
T15855972S,UD,2019-9-5 22:59,reparking,1.0,25
e78288007o,ZP,2019-7-12 21:35,reparking,1.0,26
I-1461207l,ZS,2019-5-4 23:2,refuel_check,1.0,24
i-7547892N,VC,2018-5-11 1:6,repair,4.9,18
q21780828Y,QJ,2021-12-5 9:34,repair,3.9,1
K37281597S,HT,2019-3-27 17:24,reparking,10.0,58
Y-5760242e,DB,2020-6-27 20:57,refuel,1.0,27
i17129600C,XP,2020-4-8 15:21,repair,5.0,16
J98863076V,UB,2018-12-12 21:1,repair,10.0,63
t-6990338F,AY,2020-11-20 6:3,repair,4.4,7
k-2617949q,CF,2019-5-6 12:9,refuel,1.0,28
J19363590y,NG,2020-1-2 0:25,repair,5.4,24
a22532792L,VK,2019-1-17 15:56,refuel,1.0,30
c-1951754w,BM,2019-7-29 16:56,repair,3.1,12
w25092414b,SP,2020-2-8 5:50,repair,10.0,66
V-5236151D,PT,2019-10-18 0:35,reparking,1.0,20
Y51811403p,PK,2018-1-2 17:35,reparking,10.0,58
x11261989Z,ZB,2019-3-3 14:4,reparking,1.0,36
J-1696019A,GC,2020-5-1 9:56,repair,4.5,7
Q11476197K,KG,2019-6-1 14:23,reparking,1.0,31
q21224514K,KZ,2020-7-30 13:2,reparking,1.0,33
N46867519s,SR,2020-7-30 21:8,repair,4.6,10
w19339248v,KB,2020-9-25 23:42,repair,8.1,48
C42796821V,VD,2020-2-12 14:7,repair,5.9,15
E-2118420k,SL,2019-12-18 10:54,repair,4.7,5
z-2099136q,KJ,2020-10-2 10:3,reparking,1.0,30
l-8544262K,OP,2019-9-10 1:7,reparking,1.0,19
s-1838287u,MW,2019-7-23 1:44,reparking,1.0,18
k-1376775g,CR,2019-10-12 7:37,repair,4.3,9
a14328968W,FV,2019-4-8 16:11,repair,7.0,26
B-1618952G,PX,2020-9-13 8:22,reparking,1.0,30
d12372286F,MM,2020-1-14 1:33,reparking,1.0,21
M19605211b,IC,2019-12-5 20:55,repair,10.0,48
I12476979c,BZ,2020-4-29 14:13,repair,6.5,21
b-1417084c,HN,2021-12-1 20:10,reparking,1.0,26
q-2178074r,LJ,2019-11-16 15:31,reparking,1.0,30
U27832427d,FC,2019-11-11 13:29,repair,4.4,1
O60150657v,YS,2020-11-18 7:35,repair,5.1,14
q-1260275Y,BW,2020-1-14 1:9,repair,6.6,36
T12862219I,OY,2020-12-12 23:20,repair,4.4,11
Y-1478743b,NW,2019-11-16 7:52,repair,6.3,27
M41348450r,WJ,2020-2-7 7:36,repair,5.0,21
p-4652600Q,SX,2020-4-14 2:9,reparking,8.0,47
H-2153182E,IT,2019-7-2 16:58,refuel,1.0,32
P-7058440J,BX,2018-4-5 8:14,repair,4.8,11
Y-2612249v,AO,2019-6-1 9:28,refuel_check,10.0,62
W-7642069M,DS,2019-4-14 19:16,reparking,1.0,28
k56379516I,DJ,2020-2-22 13:39,repair,6.2,20
w-9904968o,AW,2019-10-1 17:29,reparking,1.0,27
V12238476D,MB,2019-7-5 17:38,reparking,1.0,30
r-1115179Z,LS,2020-7-4 18:29,reparking,1.0,31
S12691157g,MR,2020-11-19 8:45,refuel_check,1.0,27
b-8173252P,PS,2020-5-5 11:47,reparking,1.0,27
s-1173431F,CN,2021-11-12 6:28,reparking,8.0,45
i-6895837c,DF,2019-10-27 3:12,repair,5.8,24
a10758139R,WJ,2020-11-1 18:52,reparking,1.0,28
H-4467728t,OJ,2019-5-7 17:33,reparking,1.0,29
O-1664333l,RR,2019-4-21 4:45,reparking,5.0,55
g19202083E,DH,2019-10-21 2:18,repair,6.7,37
B-1789228s,ZG,2019-4-4 7:33,reparking,1.0,24
C-1039595K,AT,2020-2-13 13:34,refuel_check,1.0,33
T-1196430A,EM,2020-1-22 6:42,repair,5.3,15
q-2040684x,CS,2021-5-10 10:58,reparking,1.0,28
W-9258132q,SH,2020-4-30 17:2,reparking,1.0,32
y24242029O,RN,2020-1-3 12:10,repair,4.7,2
D11583941D,NZ,2019-3-5 23:6,reparking,1.0,24
d18202701N,LY,2020-4-29 9:38,refuel_check,1.0,26
p-1822183R,EW,2020-8-14 21:32,repair,4.6,9
f21602036v,SV,2020-3-19 14:31,reparking,1.0,30
O19590202k,RN,2021-11-17 14:53,reparking,1.0,30
u-4511086A,VD,2018-4-21 22:50,repair,5.6,20
T-1635369O,VB,2019-4-22 13:44,reparking,1.0,30
J11997824T,YH,2019-8-20 19:58,reparking,1.0,25
a-2058721k,UX,2019-12-24 22:55,reparking,1.0,25
y15055434f,US,2020-3-7 4:20,repair,5.0,23
O48028003A,WH,2020-7-18 22:58,reparking,1.0,26
K20105985w,FV,2019-3-27 17:8,repair,5.7,16
u41534075V,OM,2020-4-7 7:46,repair,6.1,23
R-2005270V,DJ,2019-8-2 23:43,repair,10.0,48
j96153745Y,PY,2020-2-8 23:59,reparking,8.0,47
k-1257348Z,VD,2019-2-20 18:32,refuel,1.0,28
G-5803601t,DV,2020-5-8 16:34,reparking,1.0,31
h-7608825l,UT,2019-9-20 10:25,reparking,1.0,27
w10335566J,WO,2020-3-2 3:7,reparking,1.0,21
Z63898400c,LM,2019-12-11 13:37,reparking,1.0,31
q16326656K,MG,2019-1-5 13:34,reparking,1.0,32
F-2014448f,HB,2019-8-17 2:49,repair,7.0,37
B-4108326C,MJ,2019-9-10 15:49,repair,5.0,19
x13923285B,LF,2021-12-25 7:44,reparking,1.0,22
Y35936177u,EP,2019-11-15 0:55,repair,7.4,44
w-1779576y,RN,2021-7-26 23:9,repair,5.0,25
F47858839f,JC,2019-5-30 12:53,refuel_check,1.0,30
R30128601K,CZ,2020-5-24 23:48,reparking,1.0,24
Y-4582526i,OL,2021-10-14 6:55,reparking,1.0,27
h-9571496Q,JC,2019-8-3 1:59,reparking,1.0,18
W-1751376n,GW,2019-6-10 10:59,refuel,1.0,28
v30471026G,NP,2020-7-9 11:0,refuel_check,10.0,60
M14617395R,JW,2019-10-5 12:50,reparking,10.0,60
z14265413F,SD,2019-5-14 3:19,reparking,1.0,21
G18509743z,WM,2020-12-11 17:53,reparking,1.0,30
G79172033R,YM,2019-10-19 16:50,reparking,1.0,30
a10191506z,VC,2020-12-4 13:56,reparking,1.0,30
q59656547C,MP,2020-6-20 23:41,repair,5.7,22
b-2132772I,AK,2019-8-14 3:40,repair,6.2,29
h-7581595i,WH,2020-5-2 1:35,reparking,1.0,19
u-1391271N,OD,2019-12-22 5:54,repair,10.0,64
D-1815797g,OT,2020-11-6 13:23,repair,3.1,14
k-1974790a,UZ,2019-8-22 14:42,refuel_check,1.0,30
r-7237568t,FL,2019-8-22 18:29,repair,6.0,21
S-1897022t,LR,2021-7-16 19:27,reparking,1.0,30
J-7489304L,BC,2019-8-5 21:17,reparking,1.0,26
w-1261053T,CO,2018-2-27 1:4,repair,5.0,33
i24654829I,UH,2021-7-24 19:11,repair,4.3,5
P-2207351R,AM,2020-6-7 16:6,repair,5.7,15
L-1170611X,EX,2019-7-7 18:32,repair,10.0,48
c-1721405I,PS,2018-3-5 16:0,reparking,1.0,31
j31662649P,LZ,2020-1-3 1:50,repair,5.8,27
u74042804Z,QR,2020-1-9 5:24,repair,7.3,36
i-6895837c,TZ,2020-7-12 16:18,reparking,1.0,33
m-4071688q,RM,2021-7-18 22:42,reparking,1.0,24
v22859760X,UR,2020-2-6 6:31,repair,6.0,26
b78426373A,HK,2019-8-20 5:10,reparking,1.0,25
a-3252702q,OW,2019-1-9 9:1,reparking,1.0,29
A-7045241C,SM,2018-7-2 6:11,reparking,1.0,26
X-1089481Z,SG,2017-1-28 13:8,repair,4.7,5
p44495458T,IZ,2020-12-4 20:42,repair,5.0,32
J57817966V,NL,2021-4-20 2:47,repair,5.9,28
t-3141199G,FJ,2020-12-13 22:50,reparking,1.0,24
b43216533p,ZM,2019-10-25 16:25,repair,5.0,45
J98973509x,KZ,2020-2-23 21:2,reparking,1.0,27
e-3821193K,XL,2019-7-16 16:53,reparking,1.0,29
R-1426192M,ZB,2019-4-14 15:25,repair,8.1,39
b18515381b,EB,2018-2-14 0:34,repair,3.8,10
T-1032406V,UM,2019-7-30 20:33,repair,5.0,31
K92300436N,NY,2020-7-19 3:9,reparking,8.0,48
F76065790G,AL,2021-10-6 21:40,refuel_check,1.0,23
l-8343790h,OH,2019-5-8 10:43,refuel_check,1.0,27
W46625015B,JO,2019-11-27 17:54,refuel,1.0,31
R-8111410k,WB,2020-9-28 14:5,repair,5.2,7
b-1618655E,JC,2020-1-15 13:2,repair,10.0,57
q94030730T,EN,2019-3-19 15:17,repair,5.1,8
A-1068587k,JB,2019-11-22 14:28,reparking,1.0,34
M-1710962U,MB,2019-8-19 21:10,repair,5.0,64
Y-1404304g,ED,2019-12-9 9:41,repair,5.0,14
w-1355813E,ES,2019-3-6 9:6,reparking,1.0,28
k18541722h,DC,2021-12-24 2:25,reparking,1.0,22
G-1806976v,KR,2020-8-23 1:12,reparking,1.0,23
f-1296013R,MP,2019-4-16 15:21,refuel_check,1.0,32
h15278156g,WC,2020-2-5 12:56,reparking,1.0,29
z22534765Q,YN,2020-11-19 3:18,reparking,1.0,23
P-1304830I,BG,2019-4-16 3:32,repair,5.4,21
I-9069619f,OL,2019-5-24 1:2,repair,7.1,37
H-2144038l,US,2020-10-8 6:3,repair,4.6,13
s-3817392d,PT,2019-9-29 3:53,reparking,10.0,67
n-2109985N,BN,2020-8-15 12:51,reparking,1.0,31
Z-1633512G,UB,2018-9-27 19:24,repair,6.8,31
M-1538895e,UG,2020-12-2 13:26,repair,5.4,11
J59960663p,BS,2019-9-25 0:28,reparking,1.0,14
J-6475732d,AB,2020-6-13 9:9,reparking,1.0,29
e43134769r,CY,2019-7-24 18:54,repair,6.5,26
Q-2218643T,RV,2019-9-14 19:40,repair,10.0,63
i14500046Q,UW,2020-2-1 22:10,repair,5.3,16
L42817487b,JZ,2019-2-12 11:51,repair,10.0,59
g13695164h,DG,2019-12-15 22:29,reparking,1.0,24
j-2094114R,XB,2020-4-8 1:8,reparking,1.0,20
V84072813x,RG,2020-6-30 10:2,reparking,1.0,28
d20377494o,LJ,2020-5-1 0:52,reparking,1.0,17
J21826778q,LJ,2018-3-30 9:0,repair,4.1,2
C30946780e,IF,2019-10-22 6:40,repair,5.0,26
A10006110k,DY,2020-6-19 20:38,repair,10.0,48
C10048101g,HW,2020-7-2 23:32,repair,5.0,21
l12547883C,HC,2019-11-8 5:50,reparking,1.0,25
p21700418u,ZJ,2019-3-11 5:0,repair,6.6,32
m-1711444N,JZ,2019-4-27 8:47,reparking,1.0,26
k80622724j,OD,2019-1-1 9:8,reparking,1.0,27
u-4205541P,WV,2020-7-29 21:4,repair,8.3,47
Q-1590461U,TG,2020-4-15 3:6,refuel_check,1.0,21
r21933206b,RD,2018-9-4 3:21,repair,5.8,25
l-5044253K,FH,2019-7-12 17:16,repair,7.7,38
w-9904968o,VD,2019-8-20 7:50,reparking,1.0,27
U18899000A,GV,2021-2-25 1:50,reparking,1.0,20
u53852226k,RM,2019-11-9 22:20,refuel_check,1.0,24
I-1744285q,GJ,2020-12-1 19:32,reparking,1.0,29
s19469963b,ZB,2020-2-29 2:10,refuel_check,1.0,24
W-6889637w,OB,2020-12-15 4:50,reparking,1.0,20
N18210191w,CV,2020-8-3 12:15,repair,5.2,9
B-9425050o,ZR,2019-4-10 11:36,reparking,1.0,29
M42816370V,WN,2020-2-23 3:2,reparking,1.0,22
z13834114d,PL,2018-10-5 23:52,reparking,1.0,21
D-3317036j,AJ,2020-9-6 19:26,reparking,1.0,29
l19258011n,LN,2021-9-1 3:25,reparking,1.0,23
w16336019B,JR,2021-3-11 23:26,reparking,1.0,24
t-1241073D,UC,2019-5-16 12:28,repair,7.6,36
y-1078960R,CT,2021-10-4 12:31,reparking,1.0,31
O22278795N,QN,2020-7-8 10:1,reparking,1.0,31
v-1706088p,AL,2020-7-27 19:39,repair,10.0,60
d29182443g,ZJ,2020-1-3 11:40,repair,4.6,4
S-1492988b,UJ,2019-11-5 5:52,reparking,1.0,24
j19399094D,EK,2020-2-19 9:11,repair,5.0,63
s76075239K,WF,2020-5-11 20:13,reparking,1.0,28
W16199581Z,QP,2020-9-13 3:20,repair,4.7,14
i14500046Q,MW,2021-11-19 21:15,reparking,1.0,28
t-7686460t,FP,2021-5-29 1:47,repair,5.6,26
h11650453p,LV,2019-11-16 20:42,repair,5.0,29
M-1197961n,BK,2021-5-12 22:51,refuel_check,1.0,25
h-2265497R,MS,2020-11-2 0:6,repair,7.7,51
f21869010W,PC,2019-9-10 21:47,reparking,1.0,25
m15303335X,IL,2019-1-11 16:18,refuel_check,1.0,28
U12204878m,MT,2019-2-27 3:3,repair,5.0,68
C-1436029R,TG,2020-8-17 15:9,reparking,1.0,34
a11178858F,KW,2020-1-1 17:31,reparking,1.0,30
Z15630506f,XL,2020-10-28 11:56,refuel_check,1.0,31
b36595641v,KJ,2019-8-5 23:55,repair,5.6,22
c42054816u,WW,2020-1-10 9:20,repair,3.7,1
U-1466740h,OG,2020-12-28 14:40,refuel_check,1.0,31
z-2075956I,YN,2019-9-27 5:16,refuel_check,1.0,24
B-3518476g,OC,2019-3-9 0:3,reparking,1.0,18
f-1313024M,QS,2019-6-19 16:37,repair,4.6,4
E-2232739R,TV,2020-8-18 18:14,reparking,1.0,28
L35415030P,RB,2020-1-16 23:17,refuel_check,1.0,23
R-5173610U,VK,2020-5-15 1:57,repair,4.7,19
T-1735998F,BW,2019-9-14 19:23,reparking,1.0,27
r19708929l,GS,2020-3-23 10:30,repair,4.0,1
P36016044b,DS,2019-11-24 16:19,refuel_check,1.0,31
b-5775041N,NR,2019-2-21 21:53,repair,4.4,10
t-1082634T,DJ,2019-7-20 1:45,reparking,1.0,18
v-9373200W,FN,2019-6-16 12:1,repair,4.3,3
g12622585Y,FG,2019-7-29 8:27,reparking,9.0,51
y-3576167V,OL,2019-5-6 10:6,reparking,1.0,29
d20729448Z,TZ,2020-12-22 4:27,refuel,1.0,24
y13613087K,NX,2021-8-5 15:44,refuel_check,1.0,34
r-2199790c,XP,2020-11-13 7:30,refuel,1.0,26
L-1170611X,SK,2020-1-3 0:9,reparking,1.0,19
F-1926530y,HP,2020-2-14 0:32,reparking,1.0,18
V44976582G,MV,2020-2-21 5:15,repair,5.0,65
R-2786065j,NZ,2018-10-24 9:4,repair,6.7,26
e-1414540Y,WM,2019-9-13 3:35,refuel_check,5.0,46
y-1186114M,MW,2019-3-25 3:2,repair,6.6,34
O-1464430H,UB,2019-1-1 18:0,refuel,1.0,29
S-1357975t,SK,2019-8-12 13:3,reparking,1.0,32
H-1457652m,PC,2020-9-4 16:10,repair,4.8,4
U18986159F,KG,2020-12-15 13:41,repair,4.3,1
L13752227Q,QL,2021-8-18 16:45,repair,6.1,20
r-1662773z,QO,2019-10-29 4:17,repair,4.8,13
Y-4651657C,HY,2019-1-24 2:48,reparking,1.0,21
E-1500826T,JF,2019-11-8 16:59,repair,10.0,57
c-1241233y,PR,2019-7-2 13:14,refuel_check,1.0,29
d-4336702N,AC,2019-12-29 17:26,reparking,1.0,26
q10311005F,LN,2020-4-28 15:24,refuel_check,1.0,32
F-8101220A,RD,2020-8-19 2:50,repair,5.5,24
h85005457R,MM,2020-7-13 10:30,reparking,1.0,28
W-1803580w,FY,2020-10-27 21:41,repair,5.0,13
T10200726h,TK,2019-9-15 10:35,reparking,1.0,26
i10346234k,HC,2018-2-2 16:31,repair,5.7,16
t-1352539G,UG,2020-11-19 3:39,repair,5.5,23
s-2348081o,RN,2020-8-3 19:31,reparking,1.0,26
N-2179508r,RO,2019-1-13 10:24,reparking,1.0,31
S-1643092C,BD,2019-12-21 23:34,repair,6.3,28
U-1466740h,ON,2020-1-5 16:28,reparking,1.0,34
r-1905989S,FG,2020-7-27 8:51,refuel_check,1.0,27
u13249025K,MB,2020-6-14 22:59,reparking,1.0,24
P-1346097W,SC,2019-6-10 8:13,refuel,1.0,27
l52609165Q,PG,2019-8-4 2:59,repair,10.0,48
A82537484Y,KD,2019-6-9 3:5,repair,5.0,46
t90470636v,UK,2019-8-23 4:42,repair,6.9,37
P54703896a,XY,2019-11-13 7:16,reparking,1.0,27
e17100622M,KX,2020-9-21 7:0,reparking,1.0,25
d12510158m,UN,2020-6-23 18:31,reparking,1.0,28
V11850522g,TS,2020-2-27 13:24,refuel_check,1.0,32
i-1801797j,AP,2019-3-10 6:12,reparking,1.0,27
D-1444214l,YN,2020-11-14 17:51,repair,6.0,21
t-8873282d,FX,2018-12-28 13:42,repair,6.2,19
V-7160767j,JB,2019-8-12 19:50,reparking,1.0,29
t-9489537c,BF,2019-9-29 2:7,repair,6.8,36
w75595331T,UC,2021-11-15 20:16,repair,6.5,27
o-1147532B,OP,2020-6-11 19:15,repair,6.2,24
g96404664L,IZ,2020-8-23 7:6,repair,5.0,27
V36111854l,YL,2019-11-17 4:41,reparking,1.0,22
B-3763747y,DJ,2019-6-19 6:46,repair,10.0,65
l20924854G,WP,2019-9-13 19:53,reparking,1.0,25
Y17216999m,SS,2020-10-7 6:54,reparking,1.0,25
b91048066P,TP,2020-12-5 3:19,reparking,5.0,55
l-4210224j,IC,2018-7-10 18:3,repair,5.0,36
d47363853z,SG,2021-6-3 12:17,repair,4.1,1
k-2025928G,QM,2019-9-19 9:43,repair,5.0,11
U-1457749o,SN,2019-12-21 13:50,repair,5.0,38
W50459560S,NP,2019-5-30 15:29,repair,6.6,26
U-1784969q,CK,2021-1-11 12:9,repair,5.0,12
d20729448Z,VT,2020-1-9 9:25,reparking,1.0,28
Y-3357473Z,OJ,2020-5-23 23:35,repair,5.4,19
f21602036v,FB,2019-9-6 9:19,reparking,1.0,27
k16764672J,ET,2019-7-25 10:41,repair,6.5,27
L-8918922k,VR,2020-8-30 13:17,reparking,1.0,32
d-3094095j,XG,2019-11-25 16:11,reparking,1.0,31
g14256736s,ES,2020-4-10 18:19,repair,4.7,9
g93110024q,UV,2020-12-13 19:47,reparking,1.0,31
K11837605D,RV,2020-9-25 0:27,repair,5.0,27
w-5536138F,MB,2020-1-29 23:32,repair,5.5,20
Z29953421o,FD,2020-3-29 0:35,repair,4.6,13
k-1911265L,TT,2018-12-12 9:48,reparking,1.0,27
E-1885482e,TR,2020-10-15 13:8,repair,7.3,30
q35395828L,RM,2020-3-15 4:27,reparking,1.0,23
g17242744Q,NT,2020-5-14 5:24,reparking,1.0,24
H16154897D,AT,2020-5-21 22:33,repair,5.0,13
c-1645931V,YY,2019-5-6 0:50,repair,6.5,35
Q-2100569t,UJ,2019-12-16 13:20,reparking,1.0,33
G16688267z,RD,2020-1-17 3:52,repair,6.8,33
S-1390039A,FC,2020-3-14 13:5,reparking,1.0,31
p20784862I,GX,2020-10-26 12:10,repair,6.3,20
H16682486L,PP,2019-3-10 6:40,repair,5.2,18
o-2184265F,QD,2019-3-12 9:54,repair,6.8,28
e13691021z,NL,2020-9-28 3:43,refuel_check,1.0,19
c16315117g,GV,2018-10-29 18:23,refuel_check,1.0,29
G13092238Z,SH,2019-8-18 8:52,repair,5.0,33
T-1265478d,LG,2018-7-8 21:1,repair,4.3,5
N-2168248q,PO,2019-6-6 22:15,reparking,1.0,23
v-9044160p,SW,2018-1-16 17:1,refuel_check,1.0,33
R-1286000j,JF,2018-2-18 7:9,repair,5.1,15
s-1672322C,FT,2019-12-25 12:22,reparking,1.0,30
F17977196F,WY,2020-3-8 6:25,repair,2.7,7
z17098431t,PP,2020-12-28 7:25,reparking,1.0,28
S66749958V,EZ,2020-8-27 18:13,repair,3.8,1
D21260151i,BR,2019-11-10 7:39,repair,4.5,9
P-2262215c,HX,2020-9-22 6:4,reparking,1.0,23
u-1675606o,GP,2021-10-16 5:44,repair,5.9,26
e32652593E,SC,2019-3-13 11:51,repair,5.1,12
u-1975531C,UF,2019-10-17 6:39,reparking,1.0,25
Q70965073y,JZ,2018-8-24 0:55,reparking,1.0,20
r-6152196I,JF,2019-3-26 14:59,reparking,1.0,34
t19966164y,YN,2019-10-19 18:13,repair,4.4,2
x21761438l,JM,2020-8-17 13:9,refuel,1.0,32
V-1481957N,HR,2020-7-6 8:19,repair,5.0,31
h15278156g,AX,2020-12-24 17:48,reparking,1.0,31
I-1492683j,MM,2018-3-29 19:25,repair,4.8,9
T11123962L,MB,2020-6-2 3:8,repair,2.8,4
X-8295624q,JB,2020-5-24 23:51,repair,5.0,65
c-4218281W,EG,2020-4-14 5:7,reparking,1.0,23
N15127735k,DN,2019-10-5 18:53,repair,4.5,7
y-1709369d,NT,2019-10-2 20:35,repair,5.0,38
W-1452539Y,UX,2019-6-14 14:29,repair,5.0,17
E22507752K,KV,2019-6-27 16:55,reparking,1.0,29
z10904042m,YJ,2020-3-21 15:41,reparking,1.0,31
b36595641v,TP,2020-8-2 19:31,repair,5.2,12
B-3518476g,QT,2020-3-26 13:31,repair,4.0,3
e13691021z,PN,2020-9-2 11:45,repair,6.9,29
Q10792601U,JM,2021-2-9 4:41,reparking,1.0,25
a15360352g,FM,2020-5-30 6:6,reparking,1.0,26
D11136638F,BF,2020-10-24 13:7,repair,6.7,22
L14999822g,PW,2019-4-9 5:7,refuel,1.0,26
F84497088q,LR,2019-11-24 5:48,repair,5.3,20
W12509801x,BK,2019-3-16 2:57,reparking,1.0,20
x-4756011X,XX,2020-11-25 8:55,refuel,1.0,25
a18281567Q,ZV,2019-11-26 7:36,reparking,1.0,26
a24739859r,HX,2020-10-30 4:10,reparking,1.0,23
u69074003g,BC,2021-4-7 4:31,repair,5.0,19
x-2165919g,JV,2020-5-22 13:53,reparking,5.0,48
R-1577087P,KY,2018-8-3 15:38,repair,8.8,46
J20652348i,DP,2019-4-11 8:23,repair,6.2,24
l-1576612o,HX,2020-2-30 12:19,reparking,1.0,31
h19277454w,PR,2018-12-3 0:29,reparking,1.0,17
i-2218402e,GW,2018-4-18 12:28,repair,7.2,28
p15009563g,JZ,2019-8-23 23:34,reparking,1.0,22
z-8814980U,LY,2020-1-7 12:0,reparking,1.0,31
Q-2100569t,OD,2019-2-8 14:39,reparking,1.0,31
w-1476666j,KF,2018-10-23 17:54,repair,10.0,58
I-6373354n,QC,2020-5-25 10:0,repair,5.7,17
d-8403729E,JK,2019-12-3 23:16,repair,4.7,13
f-8629356d,SS,2019-12-13 2:48,reparking,1.0,18
F13911890H,IK,2019-11-12 5:22,repair,5.0,64
n-5089043j,UF,2021-3-15 1:6,reparking,1.0,17
q-8144639a,AZ,2019-4-3 8:9,repair,7.1,34
B-1317745G,ZK,2019-12-11 13:44,repair,4.9,5
I-2385335N,YM,2019-2-6 19:14,repair,4.7,9
J54713179I,LT,2021-3-16 15:54,reparking,1.0,32
Q13521415B,MM,2019-11-18 0:47,reparking,1.0,15
L80368980J,ZV,2019-11-12 20:39,repair,6.5,30
J-2836378X,OF,2020-5-5 23:43,reparking,1.0,26
m13322401B,JK,2019-9-6 13:23,reparking,1.0,33
w-1585800T,UK,2019-5-21 19:54,repair,5.0,16
D19898624h,QK,2019-3-16 6:32,reparking,1.0,20
G18319185j,NS,2020-2-26 4:0,refuel_check,1.0,25
o21681815q,YO,2020-10-6 10:37,reparking,1.0,28
k-1553925j,GB,2020-1-10 1:38,reparking,1.0,20
f-6408484O,TG,2020-1-24 20:56,repair,5.0,48
f-6574900d,GX,2020-10-29 6:7,repair,7.0,33
K-2938500y,CX,2020-4-28 22:22,reparking,1.0,25
U-2282415d,VG,2018-10-14 16:9,reparking,1.0,34
n-1234776I,AF,2021-11-3 3:59,repair,5.0,67
m21397826M,RJ,2019-4-3 13:39,repair,3.4,8
A-1948317P,JP,2019-5-26 18:40,refuel,1.0,28
i21618191m,VH,2020-9-15 15:27,repair,10.0,59
g-8315064e,HO,2020-2-19 6:23,reparking,1.0,26
D44036145e,ZP,2020-9-15 15:12,repair,5.0,13
O66974495w,GW,2020-6-22 0:29,reparking,1.0,20
o-2930882b,EY,2021-9-10 20:58,refuel_check,1.0,23
d-1027344D,MO,2021-4-22 22:52,repair,5.8,23
O-1092563w,CO,2019-1-12 14:33,repair,5.0,37
p-7985900F,TN,2019-9-20 19:56,reparking,1.0,27
d-6775160j,AC,2019-8-28 3:22,repair,5.3,18
q-3652939k,ZO,2019-11-20 16:6,repair,6.7,24
c-7588375I,KH,2021-5-12 10:20,repair,5.0,33
k-4275557f,BN,2019-2-29 4:33,reparking,1.0,23
I16227142N,AN,2020-6-16 6:45,refuel_check,1.0,24
g12934938r,LN,2019-9-3 1:58,reparking,1.0,19
N32971490g,QC,2019-4-28 5:9,repair,7.7,42
h-2046413f,EW,2019-5-16 19:55,reparking,1.0,27
s21160764P,LK,2019-11-2 14:36,reparking,1.0,32
m27478087C,BY,2019-10-4 19:25,reparking,1.0,27
y-1768601Z,IZ,2019-8-8 0:3,repair,5.0,34
g-2397236l,ZB,2021-8-3 11:45,reparking,1.0,29
T18866878V,SW,2019-8-3 7:48,repair,5.0,34
v23051480T,XF,2019-6-12 12:50,reparking,1.0,30
k-1911265L,BP,2020-8-26 16:49,repair,5.0,20
M63593296Y,EM,2019-12-17 3:46,repair,4.9,16
R11628804P,AG,2022-3-16 17:31,reparking,1.0,28
I-2256541X,SY,2020-7-5 23:44,reparking,1.0,24
k-1911265L,ZV,2019-8-30 5:14,repair,5.0,54
q-1110238R,EC,2019-3-10 13:3,repair,5.0,7
n-1071951P,OO,2020-11-27 17:29,reparking,1.0,31
s-7171445l,DP,2019-11-18 1:47,repair,5.0,42
u-6493441a,CH,2019-8-7 7:6,reparking,1.0,26
u-8046795Y,JG,2021-9-26 2:18,repair,5.7,26
u-1390684d,JY,2020-2-28 13:53,repair,5.1,8
r-5993474d,TW,2020-12-27 0:17,refuel,1.0,19
N-2047717q,ZO,2019-8-8 6:40,repair,4.2,5
N80310637P,QD,2019-9-9 20:37,reparking,1.0,26
Z-1919446h,NY,2020-5-12 21:57,reparking,1.0,25
E-1563547D,CZ,2020-8-20 2:16,reparking,1.0,21
q-4058651W,NO,2020-8-29 11:31,repair,5.0,17
g-1092971o,JX,2020-10-24 0:10,repair,5.0,69
s-7878735n,TL,2020-7-22 1:23,repair,6.7,33
Q42518050I,GZ,2020-7-4 12:21,refuel_check,1.0,32
C15813690y,VO,2019-4-17 2:54,reparking,1.0,19
E20564354p,BP,2020-12-6 23:0,repair,5.5,23
a15758562P,SP,2019-8-16 9:8,reparking,1.0,27
d47436292f,TG,2020-8-29 1:13,reparking,1.0,20
k59189871y,NH,2020-8-21 2:23,repair,5.0,28
c16219587b,SD,2021-3-7 23:41,refuel_check,1.0,24
K-1614143Q,KL,2020-10-14 23:58,reparking,5.0,55
u18524601J,NL,2019-7-2 5:40,reparking,1.0,24
M20203885K,BB,2019-7-11 20:43,repair,10.0,61
h46463462x,OD,2019-1-28 17:0,reparking,1.0,28
A10006110k,RR,2020-2-11 21:22,reparking,1.0,27
P17943354i,YG,2020-7-12 11:11,repair,6.6,27
K15776715i,HM,2021-2-10 11:38,refuel,1.0,29
c-1602472r,WX,2019-12-19 4:11,reparking,1.0,24
z-1946969z,YT,2020-4-16 17:26,repair,4.4,5
I78650306e,BO,2019-11-27 19:5,reparking,1.0,31
k-2181885c,GS,2021-2-23 4:28,refuel_reparking,1.0,18
m-1345724Q,TT,2019-6-4 21:34,repair,5.4,16
q-7165662e,IV,2019-1-15 0:47,reparking,1.0,18
B16647340L,KX,2019-1-30 8:11,reparking,1.0,27
P-6438275P,TZ,2019-10-13 2:10,repair,5.0,27
a-1038532F,PY,2020-11-3 4:57,refuel,1.0,23
F14621726S,CH,2020-5-14 8:7,repair,3.7,1
z-5335793q,TL,2018-10-25 12:26,repair,5.0,7
m20513225u,ZS,2018-5-12 2:15,reparking,1.0,21
m15303335X,EY,2019-12-23 23:29,repair,5.2,17
V15768685f,WC,2018-7-28 16:8,repair,5.9,16
k-1257348Z,UY,2020-8-10 16:48,reparking,1.0,31
E15615343c,BX,2018-3-1 14:5,repair,7.4,29
w21611278j,UG,2018-3-8 17:7,repair,3.9,2
F-2526747A,WD,2019-10-26 14:52,reparking,1.0,35
F12167296S,JX,2020-1-10 18:19,repair,5.0,21
K21118839A,RY,2020-11-28 5:41,reparking,1.0,23
P-1094526k,RP,2020-8-24 16:23,reparking,1.0,28
a-3252702q,PT,2021-12-11 20:28,repair,6.7,27
I-1976958o,QY,2020-3-14 9:6,repair,3.2,7
S13387805o,GN,2021-5-28 7:53,repair,4.8,12
q-1340086Z,PM,2019-11-6 4:11,reparking,1.0,23
d-1429832i,GW,2019-1-21 18:56,reparking,1.0,27
h14062863f,HS,2018-2-12 9:35,refuel,1.0,28
s68445761c,JP,2021-8-15 20:20,repair,5.8,22
i-1780898q,TJ,2020-11-20 23:52,repair,6.5,31
z-3185455W,JR,2020-9-5 18:25,repair,4.0,1
l76181487g,LJ,2019-4-4 19:58,refuel_check,1.0,27
N21159511i,OT,2020-11-26 3:57,reparking,1.0,22
K92451593A,KR,2020-4-7 15:25,repair,10.0,57
I19698046e,EW,2021-3-19 22:56,refuel_check,1.0,25
W-1166665x,KR,2019-7-15 1:7,repair,3.5,3
s-2035761Z,KM,2021-10-16 20:26,reparking,1.0,23
r-1115179Z,EK,2019-12-10 17:52,repair,4.3,4
F31844002X,TF,2019-1-23 3:33,reparking,1.0,22
j21109696Z,TK,2019-9-29 13:35,reparking,1.0,32
g-4375951w,IM,2020-11-15 4:2,repair,7.2,37
R86360617S,SL,2019-9-18 16:50,repair,4.7,6
U36597200t,YY,2021-3-16 5:55,reparking,1.0,22
i-1704589X,CT,2020-2-8 4:11,reparking,1.0,21
m15529207T,AK,2019-3-26 5:16,repair,5.0,14
P14276370b,JR,2020-5-6 6:5,refuel_check,1.0,22
k20397839T,SS,2019-5-8 17:40,reparking,1.0,29
W-2093622J,RK,2019-5-26 2:38,repair,5.0,19
V69452810I,NZ,2021-7-14 3:54,repair,4.9,18
n-5089043j,LV,2020-9-10 1:47,reparking,8.0,50
O62343854z,WN,2020-5-27 8:7,repair,8.2,46
U12612811k,QM,2019-5-10 12:24,reparking,1.0,29
c-1535376n,KT,2018-1-16 15:22,repair,5.0,43
u92848218h,IH,2019-8-12 11:9,repair,4.5,4
w-1581417U,VD,2020-2-3 10:1,reparking,1.0,28
P-1346097W,LW,2019-5-13 1:18,repair,4.7,14
C-6728036v,KF,2019-6-14 13:45,reparking,1.0,34
I-1793264F,SY,2019-7-15 19:20,reparking,1.0,27
k-9429296g,DR,2019-8-8 5:38,refuel,1.0,22
U-1683372s,RH,2020-8-13 9:56,reparking,1.0,26
U22056924P,RN,2020-1-5 14:5,reparking,9.0,46
b-2854087F,FP,2020-2-18 16:47,reparking,1.0,30
G22857198W,DB,2018-10-4 7:26,repair,4.6,8
j13604535M,PN,2019-10-30 10:5,reparking,1.0,27
U17543805T,VN,2019-12-24 9:56,reparking,1.0,29
W11720100q,NG,2019-12-9 5:39,reparking,1.0,25
V92944450D,DT,2020-7-2 5:37,reparking,1.0,26
T69421094D,AJ,2019-12-21 13:39,reparking,1.0,33
b-1220332h,NB,2020-6-26 16:31,repair,8.1,36
s17290420K,XP,2019-2-7 9:1,repair,6.5,28
O-4898966f,WG,2020-6-26 8:53,reparking,9.0,51
w-1400458s,BD,2020-12-26 14:40,reparking,1.0,33
h-6538858D,MP,2019-6-10 0:50,refuel_check,1.0,19
S-1361001t,FR,2020-10-6 22:38,refuel,1.0,27
Z-1063907D,AT,2019-3-8 7:56,repair,7.8,43
r-1916191b,HF,2019-9-22 6:46,reparking,1.0,25
u11903926f,YR,2018-10-25 22:31,reparking,5.0,53
d19956466e,UW,2020-5-22 11:53,reparking,1.0,30
B-1618952G,BG,2019-11-12 7:26,refuel,9.0,52
i-1031975B,WY,2021-10-3 8:3,reparking,1.0,27
A-2113761p,PB,2019-10-11 1:39,repair,5.0,41
j17498952j,XJ,2019-10-4 22:53,reparking,1.0,25
B-2080522o,FO,2020-1-23 14:14,repair,5.5,12
Y-1612060v,HK,2019-7-25 15:21,repair,5.7,14
v22537157Z,OS,2018-4-7 12:22,reparking,1.0,31
k-2025928G,GK,2018-3-9 7:0,repair,6.8,32
J50952420e,OY,2019-8-6 16:42,repair,7.0,29
M-9660510I,AB,2020-10-4 10:44,repair,10.0,58
N-1398518b,JY,2018-7-6 10:8,reparking,1.0,28
e-1659311C,KB,2019-2-9 14:54,reparking,8.0,39
F-8936113w,GS,2019-2-6 23:37,repair,4.4,8
d-1058068Z,XC,2019-9-17 6:5,reparking,1.0,26
K12664360V,RR,2019-8-11 4:57,repair,5.4,20
U-2282415d,LZ,2020-11-1 20:8,reparking,1.0,24
R-2604531w,DZ,2019-3-7 20:29,repair,5.0,19
d-1053887u,XW,2020-1-21 18:18,reparking,1.0,29
H51482803Y,CB,2020-7-26 11:43,reparking,1.0,29
U-1871842y,EK,2020-3-17 18:28,repair,7.2,34
E19589052p,LN,2019-9-26 9:58,repair,7.3,35
l58447078W,QL,2021-11-18 22:19,reparking,1.0,26
C19390315p,GO,2019-11-9 7:14,repair,5.0,29
r-1401873W,JG,2020-10-5 1:43,repair,4.2,9
q74130200s,KM,2019-5-3 1:46,reparking,1.0,18
K-2283983n,NW,2020-2-24 3:43,repair,4.7,17
S-1165625A,TG,2020-3-30 21:20,repair,6.6,30
O18574236Q,XS,2019-9-25 10:51,repair,6.3,23
W22479387v,IO,2021-2-2 18:56,reparking,1.0,30
h67591887F,LT,2019-9-19 11:24,repair,4.0,1
Y-2223970K,QB,2020-2-8 22:46,reparking,1.0,25
U11036046Q,BZ,2019-7-15 17:51,reparking,1.0,32
D-1182072u,ZM,2019-9-21 14:4,repair,5.9,14
E-9839861K,AC,2019-2-19 7:23,repair,6.7,32
i14500046Q,ID,2020-12-12 0:46,reparking,1.0,16
G42963206m,UM,2020-7-16 16:3,repair,10.0,56
h-1478460B,LH,2019-4-16 20:35,reparking,1.0,29
U66659048e,WJ,2020-4-14 5:47,reparking,1.0,23
s76075239K,TY,2019-1-23 12:31,refuel_check,1.0,30
h-2123113T,JB,2020-10-15 10:26,reparking,1.0,28
s15371419J,QC,2020-2-9 19:16,repair,4.7,8
a21656080v,DX,2019-7-28 22:49,reparking,1.0,26
S-2714514N,RZ,2017-12-8 22:23,reparking,1.0,23
F-7897512k,EH,2020-7-9 12:42,reparking,1.0,32
V17270328I,XH,2019-12-6 4:23,repair,5.7,23
U10958437x,JD,2019-8-19 4:39,repair,6.0,24
p-1412843B,PG,2020-10-14 14:45,repair,5.0,23
W-1845226P,PM,2019-12-13 17:28,reparking,1.0,30
c-1602472r,WT,2019-1-28 19:15,refuel,1.0,30
e-6694200q,CH,2019-2-21 6:34,repair,5.7,22
d-8243311Q,FR,2019-8-17 2:54,reparking,8.0,47
q-1152382E,KV,2019-6-15 5:10,refuel_check,1.0,24
M68623657n,GY,2020-8-8 1:15,repair,5.2,20
u-8353397g,SC,2020-8-22 20:46,reparking,5.0,63
v-1507951V,YY,2020-11-30 5:37,reparking,1.0,22
o13124837I,ZK,2020-6-28 20:18,repair,4.8,11
I12098411a,UV,2020-10-11 11:14,repair,5.0,23
k-2025928G,KR,2020-6-9 1:12,reparking,1.0,22
Z16564364A,GZ,2020-12-1 18:18,repair,10.0,63
n97144977W,HK,2019-10-13 11:15,repair,5.0,34
k-5381127D,GT,2021-1-16 8:28,repair,6.7,34
l19335541v,TZ,2019-6-12 14:38,reparking,8.0,41
R86360617S,PJ,2020-5-27 1:57,repair,3.7,5
c-4815727p,QO,2019-10-24 18:43,reparking,1.0,28
t71777955o,RX,2020-1-29 19:41,repair,6.0,22
U17158343f,FC,2020-6-23 2:0,repair,3.3,3
g-5833894q,YX,2020-11-3 13:48,reparking,1.0,34
u18524601J,YY,2020-5-8 12:7,repair,5.1,12
K-1820922E,FP,2019-12-7 16:54,reparking,1.0,32
z-1534110I,DC,2019-11-15 21:20,repair,4.0,1
T-4233717D,JM,2019-7-20 12:32,repair,5.0,19
N-1274806N,ZB,2019-6-11 7:43,reparking,1.0,24
u-1256191b,GD,2018-9-3 1:33,refuel_check,1.0,21
y-1260563u,IM,2020-12-28 9:21,repair,7.9,38
s-2057628E,NZ,2021-1-17 20:45,repair,6.0,21
c16345987Y,RC,2020-2-27 20:45,repair,6.8,30
v12080053K,CM,2020-10-10 6:9,refuel,1.0,26
c-1241233y,ON,2018-3-5 16:44,repair,7.3,29
W46924275b,UT,2020-4-12 1:49,repair,5.4,24
A33112065k,QJ,2019-10-11 16:59,repair,5.0,25
Z18506004w,OG,2020-8-11 17:53,reparking,1.0,30
w-1513142m,XH,2019-5-26 20:49,repair,3.9,3
o35310504a,FF,2020-1-26 9:18,repair,4.9,9
s13560354e,WY,2020-12-30 21:34,reparking,1.0,24
Y-2060281L,ZB,2019-3-3 1:12,refuel,1.0,22
c-1365756i,YV,2018-4-17 5:27,repair,7.8,42
I-5574287h,MH,2020-6-26 18:48,refuel,1.0,26
y-8032546M,VX,2020-7-5 20:5,reparking,1.0,27
q-8144639a,ZT,2017-1-5 8:47,repair,6.2,26
Z-1191757z,PV,2019-2-13 20:48,repair,4.0,2
M-1943823o,RJ,2020-4-10 8:43,repair,6.7,30
Q-1573836h,NL,2020-1-13 12:49,repair,6.9,27
p30719780S,NG,2019-10-18 15:51,repair,7.1,29
t-8740311N,XH,2020-10-14 7:30,reparking,1.0,26
v-1194167N,HC,2018-9-1 17:9,repair,5.0,9
C-1267754a,SC,2019-11-25 10:48,reparking,1.0,28
j-1315686Z,EL,2019-12-11 4:44,reparking,1.0,23
b14461433a,SD,2019-10-21 1:19,reparking,1.0,17
m-1579495O,KW,2019-8-21 23:42,repair,5.5,18
I46670472g,YN,2019-4-25 21:59,reparking,1.0,25
b18515381b,YL,2019-4-14 6:46,repair,5.1,13
f-3187999B,VH,2019-7-18 7:2,repair,6.1,23
n95513742A,JN,2019-6-28 18:23,reparking,1.0,27
t39837629b,ET,2019-9-10 10:25,repair,6.2,23
f18699270I,HW,2019-2-19 0:50,reparking,1.0,21
x11261989Z,AO,2020-7-27 14:27,reparking,1.0,33
s-1173431F,BT,2020-1-25 0:12,reparking,1.0,20
l13064932H,ZV,2019-10-27 11:32,repair,3.9,1
b-3667918d,WJ,2020-6-29 3:49,repair,10.0,67
L-6979067B,OD,2020-7-15 18:27,repair,3.7,4
N79716384t,FR,2019-12-16 16:53,repair,8.2,44
p17997657z,GW,2018-8-18 9:25,repair,7.2,31
U-1186735M,JB,2020-9-9 13:57,repair,6.2,16
O-1123087f,IO,2019-11-26 1:41,reparking,1.0,20
o-2221625T,JG,2019-5-30 23:44,reparking,1.0,21
a-4955883N,LO,2020-7-22 22:40,repair,5.0,69
z21574974m,JY,2020-9-18 1:25,reparking,1.0,22
y20074895s,TF,2021-12-24 11:50,repair,5.7,19
W22012423k,TY,2019-3-5 20:29,repair,5.8,17
H-9620360T,IL,2019-2-17 14:19,repair,10.0,55
B-1457004X,YY,2020-5-1 12:7,reparking,1.0,33
Z18506004w,WR,2019-11-19 23:55,reparking,1.0,24
m-8700143J,CJ,2020-4-8 9:5,repair,4.3,2
H-4806682s,MF,2020-9-24 2:35,repair,5.2,20
l-1607198I,OJ,2019-9-14 17:38,repair,10.0,59
y-8703326K,VT,2020-8-19 19:1,reparking,1.0,31
X-3898913V,QC,2019-4-4 10:58,repair,5.0,10
G12193960J,HH,2020-11-30 20:54,reparking,1.0,28
W16596288U,OR,2021-10-2 22:52,refuel_check,1.0,25
G48676896L,IW,2019-7-5 2:27,refuel,1.0,19
q17439699j,NL,2020-10-23 3:18,reparking,1.0,22
L13948846F,CJ,2020-8-18 22:35,repair,4.9,15
v-2086510N,QC,2019-4-20 8:13,reparking,1.0,26
H68908553k,RD,2018-6-13 0:13,reparking,1.0,18
g90471173m,IT,2021-12-25 0:45,repair,5.2,23
U-1852269z,MJ,2020-7-8 4:40,reparking,1.0,21
d-2270572G,VW,2020-6-15 11:12,repair,2.4,18
n10680799I,RV,2020-3-17 17:41,refuel_check,1.0,28
J-8994437j,GT,2020-11-24 18:42,refuel,1.0,28
t-5124882z,QK,2020-7-12 16:49,repair,6.3,22
m-1180127O,AX,2020-1-13 7:6,repair,7.0,36
I12382769A,BV,2019-10-17 1:31,repair,4.1,10
w-6809933k,AX,2019-7-6 13:27,refuel,1.0,31
b-1419892M,PK,2019-11-7 10:41,reparking,1.0,27
W12813124A,DX,2021-4-25 16:58,repair,6.8,27
V-1606432l,CC,2019-5-16 9:18,reparking,5.0,62
g58582508M,IZ,2019-7-22 8:55,reparking,1.0,28
E-1357909A,EF,2019-3-2 2:57,reparking,1.0,22
P38462979Z,DD,2021-6-8 18:50,repair,4.6,7
B-4108326C,PF,2019-6-1 12:23,repair,5.0,17
s-3817392d,UV,2018-1-5 2:53,repair,5.5,22
I19519230g,BG,2020-2-26 3:30,reparking,1.0,25
L-4421886M,PP,2019-7-16 2:54,reparking,1.0,23
L13705178I,FM,2019-5-4 4:23,refuel_check,1.0,25
m12767571x,CB,2020-11-28 3:30,repair,4.7,16
k-2617949q,RB,2019-7-20 16:25,reparking,1.0,30
o14011799o,GZ,2020-3-23 9:2,refuel,1.0,27
q-1292137X,LG,2018-5-4 20:11,reparking,1.0,27
s11181247v,IX,2020-4-22 19:9,repair,7.0,28
m-1870406j,EF,2020-5-7 0:10,oil_change,1.0,21
g64586845F,CV,2020-9-11 8:6,reparking,1.0,25
m18732711p,LC,2020-5-3 1:2,refuel,1.0,19
w18239583t,XX,2021-10-11 15:55,reparking,1.0,31
t-1015422b,HL,2020-5-18 11:12,repair,5.0,17
H12315186G,CW,2019-9-1 15:54,reparking,1.0,33
G-1866026y,AP,2018-1-23 3:8,repair,4.7,15
p11667276v,HM,2020-9-28 1:38,reparking,1.0,21
u-2227144a,UM,2018-2-27 18:9,reparking,1.0,29
D-1165247I,LD,2018-2-30 6:25,repair,5.1,14
S-1492988b,LS,2020-11-19 6:58,reparking,1.0,24
z-1946969z,HT,2019-6-9 19:13,reparking,1.0,26
X-2145994R,OL,2019-6-3 8:51,reparking,1.0,25
k16297876E,ON,2020-1-24 12:34,refuel_check,1.0,34
T-3918855J,FL,2019-8-26 18:51,repair,5.0,63
D-1479626Y,TG,2020-5-11 17:7,repair,10.0,59
t-7686460t,VP,2019-3-19 1:30,repair,8.1,50
z14373118M,YM,2019-2-17 18:17,reparking,1.0,28
I-1564500i,XS,2020-2-19 18:20,reparking,1.0,34
Z81581925h,QK,2020-5-12 1:16,repair,5.5,24
V86140479X,OL,2020-2-19 11:21,reparking,1.0,30
b-1614764H,EJ,2019-10-15 7:48,repair,6.0,21
X-7808582k,HV,2019-8-5 20:33,repair,5.3,18
Z16441198S,XL,2019-5-20 6:14,repair,4.7,12
N51618057o,NP,2020-11-16 2:32,reparking,1.0,19
f16452762s,BK,2019-10-3 11:44,repair,5.0,25
t50558392T,OM,2019-1-16 0:19,reparking,1.0,16
D-1963229P,QK,2020-12-11 17:37,reparking,1.0,30
m42770139Y,LW,2019-7-23 13:51,reparking,1.0,28
B13383303K,AY,2020-10-1 7:5,reparking,1.0,23
P-7549504k,GW,2021-11-13 15:57,reparking,1.0,29
H81278299s,IG,2019-3-12 12:0,repair,5.6,15
m-4050444v,NW,2020-4-25 1:10,reparking,1.0,20
Y-6613026J,NS,2020-5-22 2:25,repair,10.0,70
k20397839T,JT,2020-11-29 18:28,reparking,1.0,29
m-3255050C,WT,2019-9-6 5:27,reparking,1.0,23
X10418984q,HX,2019-4-3 3:17,reparking,1.0,21
r13820062y,YF,2020-8-8 13:42,repair,6.1,18
z-1195416q,KZ,2019-11-7 4:12,repair,5.8,22
c-2141476U,QJ,2021-4-21 22:44,repair,3.8,1
A47507709e,NH,2019-1-17 14:52,repair,10.0,48
Z-1180856j,VT,2019-8-5 4:31,reparking,1.0,20
h46463462x,JH,2019-3-29 12:36,repair,10.0,57
T63544999T,AG,2019-2-10 10:17,repair,10.0,58
