age,user_rating,user_rides,user_time_accident,user_id,sex,first_ride_date
24,7.4,630,0.0,k10444942s,1,2020-7-25
38,8.1,1035,2.0,h19096602M,0,2019-2-16
26,8.2,617,7.0,Q15734607H,1,2020-7-22
44,8.8,697,7.0,l15409162f,0,2019-5-14
30,8.4,335,43.0,A17982529a,1,2019-8-18
35,9.7,1263,20.0,i20358837Y,0,2021-4-8
31,10.0,1355,17.0,R12315584N,1,2018-8-25
33,9.4,108,10.0,M11778212y,0,2019-10-17
33,9.1,207,3.0,L65290970h,1,2020-4-7
44,8.3,565,23.0,H13384354F,0,2019-6-18
18,8.6,255,14.0,V17100792C,1,2020-4-18
30,8.9,1665,7.0,m15651619f,0,2021-7-21
40,9.1,1230,19.0,Q90605713E,0,2021-3-27
23,9.9,297,14.0,D20347168Q,1,2020-5-1
25,7.4,1562,9.0,A20468541T,1,2018-7-4
44,8.3,1101,6.0,Y77523236H,0,2021-2-24
42,8.6,77,7.0,Z52489035B,0,2020-1-21
20,8.4,604,3.0,P91808220P,1,2019-6-9
44,8.7,672,60.0,u35738902C,0,2019-5-20
27,8.0,578,2.0,q13871362e,0,2019-6-15
31,8.7,1497,12.0,p65814207t,0,2018-7-19
29,7.7,489,11.0,e17640657c,1,2019-7-9
35,8.9,869,6.0,w23516902t,1,2019-4-1
38,8.3,1395,9.0,w13215346A,0,2021-5-12
36,8.0,1212,8.0,f22756062N,0,2021-3-23
37,6.9,62,12.0,N15213342C,0,2020-2-27
25,7.5,921,4.0,P14891123h,1,2018-12-19
23,8.0,100,73.0,L66710243f,1,2019-10-19
22,8.9,1590,5.0,y10712510j,1,2018-6-24
30,7.9,233,2.0,W22955222O,1,2019-9-15
40,8.1,202,12.0,V14728594f,0,2020-4-6
31,8.2,788,8.0,m54415820r,1,2020-9-8
37,8.5,458,5.0,b18387870M,0,2019-7-16
46,8.4,885,1.0,h14809871X,0,2019-3-24
19,7.7,890,9.0,L17658403Z,1,2020-10-5
33,8.1,646,4.0,H85089217o,0,2019-5-26
33,9.4,216,19.0,Q39990153L,1,2020-4-9
28,8.7,654,10.0,k18372209L,0,2019-5-24
29,9.9,2569,21.0,a11307783x,1,2017-7-14
18,9.2,79,16.0,x20525682Q,1,2020-3-4
47,8.9,130,9.0,z79397692j,0,2019-10-12
43,8.0,889,1.0,s16201889A,0,2019-3-23
22,8.8,1096,15.0,C67302762L,1,2020-11-26
40,8.3,659,7.0,o18983880w,0,2020-8-5
60,8.5,986,11.0,j71305466L,0,2021-1-24
28,8.3,131,15.0,z10225660N,1,2020-3-16
35,8.5,986,11.0,c11239660N,1,2018-12-4
18,8.7,118,17.0,C10271938d,1,2020-3-13
31,9.2,933,10.0,A61520561b,0,2020-10-15
42,7.9,791,2.0,g15144336n,0,2019-4-19
19,9.0,1198,10.0,o57642294S,1,2020-12-23
39,7.2,1142,3.0,f22268781E,0,2019-1-18
40,9.5,1074,13.0,z20934539g,0,2020-11-21
44,9.7,817,16.0,u10000151X,0,2019-4-13
31,9.4,830,18.0,H21919730P,1,2019-4-10
41,7.4,267,7.0,x13838787p,0,2020-4-21
30,8.1,698,9.0,D15211646R,1,2020-8-14
34,7.4,1057,3.0,h11657221n,0,2019-2-11
18,8.5,1664,11.0,x71527900g,1,2018-6-7
28,10.0,1173,12.0,l58875524y,1,2020-12-17
19,8.2,1013,5.0,z92371856H,1,2020-11-7
48,8.2,520,6.0,P11043515O,0,2020-6-26
41,8.6,883,7.0,E45454774m,0,2020-9-30
43,7.1,44,2.0,m22898604B,0,2019-11-26
22,9.0,660,12.0,L37134843A,1,2020-8-5
29,8.2,1332,0.0,n17794149H,0,2021-4-24
18,8.8,56,14.0,q42975301Y,1,2019-12-2
53,8.5,557,8.0,U14114708B,0,2019-6-20
19,8.6,1210,11.0,u21574141Y,1,2019-1-2
34,8.8,1026,,o22853720w,0,2019-2-18
30,8.0,302,4.0,f16852883j,0,2020-4-29
35,8.9,987,6.0,c86256940w,0,2019-2-27
29,8.5,404,9.0,f18405297g,1,2019-8-2
41,7.9,605,3.0,S13895844Z,1,2020-7-19
27,8.6,994,6.0,C18385906d,1,2018-12-2
33,8.4,55,12.0,e25409141j,1,2020-2-25
19,8.2,1911,17.0,s87426676b,1,2018-4-3
18,8.6,85,,g20380540Y,1,2020-1-19
19,8.6,998,11.0,V10557403R,1,2020-10-30
26,8.6,996,11.0,Y60881316Q,1,2020-11-3
19,8.4,105,4.0,h22882760X,1,2020-3-10
22,9.0,795,13.0,C17135830J,1,2019-4-18
23,8.9,754,12.0,y10188168d,1,2019-5-1
32,8.8,994,13.0,F19205767y,1,2018-12-2
38,8.1,2180,5.0,L18056303T,0,2021-12-7
41,7.0,1818,8.0,A67444175t,0,2021-8-30
32,8.6,66,6.0,P94822959S,1,2020-3-1
25,7.4,1545,1.0,t53527123I,1,2018-7-8
18,8.4,664,8.0,e14647986m,1,2020-8-6
49,9.0,53,7.0,W12548491Z,0,2019-11-28
27,7.1,412,0.0,U45136716O,1,2020-5-28
59,8.5,267,2.0,o46096449I,0,2019-9-7
27,8.7,881,10.0,H59184072h,1,2020-10-3
27,8.0,943,12.0,n21256729K,1,2018-12-14
37,7.9,481,,h39447996A,0,2020-6-17
18,9.5,1018,20.0,F21616726u,1,2020-11-8
33,9.0,1030,16.0,n12220848m,0,2019-2-17
42,7.8,455,1.0,t37336379W,0,2019-7-17
39,7.4,996,11.0,S28940247R,0,2019-2-25
31,8.4,163,17.0,p68011031a,1,2020-1-1
46,8.8,889,7.0,T76806757x,0,2019-3-23
24,8.4,1920,9.0,L27515828O,1,2018-4-1
27,8.5,830,5.0,q69325468z,0,2019-4-10
23,7.3,177,6.0,E30795056A,1,2019-9-28
44,9.0,339,12.0,p16198847I,0,2019-8-17
40,8.7,912,10.0,D22785634U,1,2018-12-21
39,9.0,1008,11.0,Q16414129A,0,2021-1-29
50,9.5,945,,H19801229a,0,2019-3-10
41,8.2,1043,2.0,y39609499g,0,2019-2-14
32,8.5,1216,16.0,Y93290920O,1,2018-10-4
18,7.7,574,5.0,Q96366638f,1,2019-6-16
21,8.3,1479,10.0,P63877852l,1,2018-7-23
24,8.0,761,5.0,q64981425U,1,2020-9-2
35,8.3,1754,15.0,R15865926n,0,2021-8-15
29,8.7,898,13.0,G14941583C,1,2020-10-7
47,8.8,689,18.0,J19236455w,0,2019-5-16
25,8.1,1151,12.0,N19383240B,1,2020-12-12
34,8.5,1869,3.0,i82087266p,0,2021-9-15
24,8.2,724,10.0,m12252572g,1,2020-8-20
42,9.0,365,15.0,h16646814k,0,2019-8-11
31,8.2,813,15.0,M78412795x,1,2020-9-14
22,9.1,1944,21.0,k22748953P,1,2018-3-22
18,8.5,2094,7.0,H30390152M,1,2018-2-14
37,8.0,400,1.0,h11436542C,0,2019-8-3
53,7.7,37,4.0,t19317775d,0,2020-2-21
38,8.7,1163,15.0,c47877632E,1,2020-12-15
18,8.0,40,7.0,p10189489p,1,2020-2-3
32,8.7,1595,22.0,r22194995C,1,2018-6-23
22,8.1,548,,R24442715D,1,2020-7-6
42,7.1,237,1.0,w21032697V,0,2020-4-14
18,8.5,1881,18.0,x21038297J,1,2018-4-10
23,8.1,1065,12.0,B82762819k,1,2020-11-19
50,8.9,1289,6.0,t10612797w,0,2021-4-14
61,7.2,407,1.0,u83016192F,0,2019-7-28
42,8.2,429,13.0,D64771451H,0,2019-7-23
38,8.2,872,0.0,g11741158h,0,2019-3-27
36,8.9,684,8.0,o50233577f,1,2019-5-17
21,8.2,548,0.0,p65895070T,1,2020-7-6
37,8.8,283,10.0,S39867926s,0,2019-8-30
34,9.0,318,25.0,i46465569i,1,2020-5-6
30,7.7,259,4.0,E12173325U,1,2020-4-19
46,8.0,1032,11.0,X29110724N,0,2021-2-8
24,7.7,720,2.0,B13762979l,1,2020-8-19
39,8.6,736,7.0,Q15193776v,0,2019-5-5
39,7.8,724,9.0,B14844821y,0,2019-5-8
34,7.6,1617,7.0,M15029593e,1,2018-6-18
34,7.6,1155,2.0,J60523714S,0,2019-1-15
21,9.1,1492,21.0,I22641174f,1,2018-7-20
39,7.9,1323,2.0,q20187238C,0,2021-4-22
27,8.3,92,13.0,p15638314x,1,2020-3-7
20,8.2,22,15.0,a15921428Y,1,2020-2-7
18,9.1,362,6.0,O65748507X,1,2020-5-16
31,7.4,519,3.0,R14783923e,0,2020-6-26
26,9.2,360,16.0,S22590750O,1,2019-8-12
41,8.1,267,0.0,g65422337i,0,2019-9-7
31,7.6,211,4.0,I89221288q,0,2020-4-8
47,7.5,857,5.0,g59423537v,0,2019-4-4
40,8.5,1758,6.0,A60086246u,0,2021-8-16
32,8.1,1040,11.0,T17181960J,1,2020-11-13
35,7.4,1111,,f21880623A,0,2019-1-25
23,8.8,173,12.0,e13097007K,1,2019-10-2
26,8.6,648,13.0,s80463528D,0,2020-7-29
29,10.0,784,19.0,l58233026K,1,2020-9-7
32,9.5,485,15.0,a99012252d,0,2020-6-18
30,8.2,1013,6.0,B39102001L,1,2020-11-7
35,7.5,1075,5.0,a18959532z,0,2021-2-18
30,8.1,2963,6.0,E18650750E,1,2017-4-3
20,7.8,774,7.0,k19383574G,1,2020-9-5
22,7.6,2227,2.0,x50641766z,1,2021-12-18
32,9.1,237,12.0,C10091972O,1,2019-9-14
39,9.7,1171,19.0,r97368556J,0,2019-1-11
20,7.7,224,19.0,n56000476c,1,2020-4-11
30,8.4,903,21.0,i54771412u,1,2020-10-8
48,8.9,340,8.0,h14102763d,0,2020-5-11
22,8.9,1103,9.0,i14774491N,1,2020-12-1
30,8.8,792,,M17341924t,1,2020-9-9
45,9.5,773,,s13203448k,0,2019-4-23
31,8.1,19,3.0,X13457700y,0,2019-11-11
21,7.8,1163,16.0,a22759869Q,1,2020-12-15
31,9.3,1057,19.0,m35322195B,1,2020-11-17
46,8.8,1591,12.0,d18805300U,0,2021-7-4
33,7.5,796,4.0,W14706981S,0,2019-4-18
18,8.2,992,6.0,k15375736D,1,2020-11-2
46,7.5,1146,2.0,Y57947150F,0,2019-1-17
42,8.2,728,6.0,l14883808B,0,2020-8-21
49,8.1,997,9.0,s19779240U,0,2018-11-28
33,7.5,1221,18.0,I67235208x,1,2018-10-3
38,7.9,424,,Y19270390r,0,2019-7-24
19,7.6,1102,3.0,o12109218b,1,2020-12-1
40,8.3,1741,8.0,C11540057n,0,2021-8-12
24,8.7,2162,15.0,n75556404A,1,2018-1-25
19,8.6,1744,10.0,C14460492X,1,2018-5-15
24,8.2,1129,8.0,J17795793G,1,2020-12-7
19,8.4,1146,12.0,C13321816t,1,2020-12-11
31,9.2,425,11.0,I19361303f,1,2020-6-4
35,7.8,2262,1.0,z19860460X,0,2021-12-26
33,7.7,126,12.0,p15189860H,1,2020-3-15
44,8.8,313,15.0,m38432823j,0,2019-8-23
31,9.2,177,15.0,q15285505X,1,2019-10-1
27,8.2,646,0.0,t16905041Q,1,2020-8-2
27,9.3,1040,20.0,E22001545u,1,2020-11-13
22,8.6,1049,10.0,Z19873575t,1,2018-11-16
46,8.9,104,5.0,m17032764V,0,2019-12-13
28,9.0,2009,10.0,U13700490D,1,2018-3-7
25,9.7,1018,15.0,u11154378y,1,2020-11-8
48,8.2,1084,7.0,t89501121c,0,2021-2-20
27,8.8,715,10.0,B12815305D,1,2019-5-10
24,9.2,873,16.0,k10627993L,1,2020-10-1
27,9.7,1006,13.0,e14182749y,1,2020-11-5
26,8.5,1160,15.0,J10208720c,1,2018-10-17
50,7.7,869,2.0,w81011205g,0,2020-9-27
47,8.5,539,1.0,T76353086Q,0,2019-6-24
29,7.6,296,15.0,Z19695970L,1,2020-5-1
43,8.1,540,2.0,a21042985W,0,2019-6-24
18,9.6,553,24.0,k16035517F,1,2020-7-7
18,8.9,630,10.0,J88560540s,1,2019-6-3
34,7.8,1114,12.0,u50240497P,1,2018-11-1
39,8.1,1940,12.0,T30477327f,0,2021-10-5
24,7.4,1124,2.0,c17057190Q,1,2020-12-6
42,7.7,630,0.0,X15475949U,0,2020-7-25
24,8.0,1052,2.0,q11598961F,1,2020-11-16
36,7.8,468,0.0,v22027344I,0,2019-7-14
21,8.0,987,19.0,z13245670Y,1,2020-11-1
42,8.4,1185,12.0,H13889761j,0,2019-1-8
28,8.3,1074,10.0,e12978914Q,1,2020-11-21
33,6.8,1600,2.0,l86749287E,1,2018-6-22
39,8.0,148,0.0,e12329693g,0,2020-3-20
48,7.7,1013,2.0,A19839894G,0,2019-2-21
25,10.0,106,21.0,J15877234z,1,2020-3-10
21,8.0,314,13.0,E13967407t,1,2020-5-5
20,9.4,19,22.0,K19037963y,1,2019-11-11
43,8.0,306,1.0,U22132062l,0,2020-4-30
26,8.3,877,8.0,j96213057Q,1,2020-10-2
39,9.4,437,8.0,h21372236L,0,2019-7-21
27,7.5,421,5.0,z33898569v,0,2019-7-25
37,8.1,964,1.0,j42235168P,0,2021-1-19
21,9.4,929,18.0,W18663438e,1,2020-10-14
20,9.0,1151,15.0,x19266392U,1,2020-12-12
43,8.1,1664,6.0,k72846942F,0,2021-7-21
44,7.9,3061,3.0,b10463785X,0,2022-10-21
31,9.6,1765,18.0,C15374238Y,1,2018-5-10
38,8.5,60,8.0,X46944435v,0,2020-1-25
39,7.8,1242,0.0,A98802853i,0,2021-3-30
19,8.9,199,8.0,r46588323U,1,2020-4-5
44,8.8,1358,9.0,o22910799T,0,2021-4-30
44,9.0,513,22.0,r20058307l,0,2019-6-30
36,9.4,1097,6.0,C85993960z,0,2019-1-28
24,8.6,1124,18.0,A13093771I,1,2020-12-6
27,8.5,809,3.0,f16237379B,1,2020-9-13
48,9.7,1017,18.0,m21937847J,0,2019-2-20
36,7.6,818,5.0,C19145440E,0,2019-4-13
50,8.4,437,8.0,j17160748o,0,2019-7-21
40,8.6,237,10.0,v19534790Y,1,2020-4-14
33,8.3,2019,0.0,q22142826o,0,2021-10-23
42,8.8,2672,12.0,V21745775C,1,2017-6-17
30,9.3,1198,16.0,F19697221V,1,2020-12-23
28,7.9,1052,12.0,Y21256993w,1,2020-11-16
32,8.5,561,9.0,X10270670f,1,2020-7-9
50,8.5,1771,6.0,r17184490Q,0,2021-8-19
49,6.3,203,7.0,Q92387892K,0,2019-9-22
29,8.3,2155,20.0,u13508815M,1,2017-10-30
31,7.8,2,22.0,C21927290Q,1,2020-2-13
40,8.2,1292,15.0,o19141021b,1,2018-9-13
33,8.0,1018,3.0,o18856452Z,1,2020-11-8
34,10.0,1014,20.0,I21828992f,1,2020-11-7
26,8.7,313,21.0,w15509653I,1,2019-8-23
23,8.7,1133,11.0,O15173442b,1,2020-12-8
31,8.2,2272,73.0,V13888571Z,1,2017-10-3
23,7.7,774,5.0,V40634659N,1,2020-9-5
39,9.0,956,4.0,w13247130a,0,2021-1-17
56,8.6,2212,1.0,b10762212E,0,2022-3-11
26,8.2,411,17.0,u13020415x,1,2019-7-27
27,7.6,395,5.0,V13661893E,0,2019-8-4
48,8.2,540,30.0,K90694804Y,0,2020-7-4
20,7.7,822,10.0,N18175848a,1,2020-9-16
26,7.6,778,10.0,r94731930x,1,2020-9-6
46,8.3,999,,p74862280b,0,2021-1-27
31,9.2,982,,P21465731k,0,2019-2-28
18,7.9,1107,12.0,H23051838G,1,2020-12-2
28,9.6,1044,,w11269671K,1,2020-11-14
43,9.0,1814,11.0,n49611824o,0,2021-8-29
36,8.6,2459,16.0,v69625342Q,1,2017-8-13
34,7.6,15,1.0,q37957947X,1,2020-2-16
33,7.5,865,5.0,l19037166N,0,2020-9-26
41,7.9,898,2.0,c80475034p,0,2020-10-7
30,9.0,694,41.0,T45952246I,1,2020-8-13
26,8.5,2480,15.0,z21081115R,1,2017-8-8
34,7.9,1216,6.0,j20626576Z,1,2018-10-4
23,7.9,1697,12.0,j75947865u,1,2018-5-26
32,8.0,446,11.0,O34600191J,1,2020-6-9
25,8.4,1045,11.0,S16993329N,1,2018-11-17
45,9.2,786,5.0,G11855846r,0,2019-4-20
29,9.4,2002,,a10378780T,1,2017-12-12
50,7.0,1113,4.0,G20869969W,0,2021-2-27
35,9.0,3211,9.0,u84588113k,0,2022-11-29
20,8.6,881,16.0,a20616361t,1,2020-10-3
18,8.1,207,12.0,S55931386i,1,2020-4-7
25,9.4,566,20.0,l22242220x,1,2020-7-10
29,8.5,9,15.0,f86949984f,1,2020-2-10
45,7.5,446,7.0,I15391609V,0,2019-7-19
41,8.7,894,,q12640885w,0,2020-10-6
36,7.8,1146,19.0,L10393987D,0,2019-1-17
25,7.6,1163,12.0,n11228582H,1,2020-12-15
34,8.5,2968,4.0,t80553477B,0,2022-9-26
18,9.2,17,10.0,V64714158D,1,2020-2-8
37,8.5,821,,r15439147Y,0,2019-4-12
18,7.7,1110,15.0,E80020634E,1,2018-11-2
32,8.8,1103,,D23037859X,1,2020-12-1
53,8.3,46,10.0,D88913444E,0,2020-2-23
33,8.9,579,13.0,X11528662p,1,2020-7-13
38,7.9,1868,9.0,V11771028Q,1,2018-4-13
39,8.7,99,15.0,j19975796M,0,2020-1-16
45,7.6,2911,0.0,D29164144a,0,2022-9-13
22,9.2,1907,15.0,N48509649L,1,2018-4-4
37,8.4,1335,,J57507810L,1,2018-9-3
24,8.7,153,21.0,l99437230P,1,2020-3-21
18,7.0,1088,7.0,Z11537484e,1,2018-11-7
26,7.8,1792,6.0,O53721297x,1,2018-5-4
34,8.1,1163,10.0,c16556099Y,1,2020-12-15
46,9.1,613,9.0,Z14847489v,0,2020-7-21
31,7.8,1621,1.0,c10870926w,1,2018-6-17
19,8.8,1249,13.0,Z88420459H,1,2018-9-23
42,8.4,309,6.0,T20094154V,0,2019-8-24
27,8.5,206,12.0,d50646236A,1,2019-9-21
30,8.4,163,12.0,d11802689J,1,2020-1-1
33,8.1,1532,7.0,O19275833r,0,2021-6-17
29,8.0,779,4.0,m12024117I,1,2020-9-6
18,8.0,92,5.0,s88098975e,1,2019-10-21
32,7.4,1003,1.0,E20745677i,0,2021-1-28
22,8.7,2570,16.0,r14962564s,1,2017-7-14
30,7.5,668,6.0,X69937427V,1,2020-8-7
39,8.6,1202,14.0,R66998893m,0,2019-1-4
19,9.8,451,,m20843360B,1,2020-6-10
42,8.3,1356,0.0,g27982857D,0,2021-5-3
23,8.2,2129,17.0,B55693705D,1,2018-2-6
24,9.0,1416,11.0,j17010715X,1,2018-8-11
40,9.4,1010,,i79128217g,1,2020-11-6
22,9.4,1257,13.0,x19381770J,1,2018-9-21
51,7.2,1224,3.0,q45174272Q,0,2021-3-26
31,6.6,1104,0.0,S18197951C,1,2020-11-28
50,9.3,125,4.0,P13141625n,0,2019-12-18
25,9.3,1117,14.0,y22113533I,1,2018-10-27
27,7.7,1121,7.0,D13008623m,0,2021-3-2
22,7.3,650,1.0,J40453619x,1,2020-8-3
33,7.0,2214,2.0,K25335202H,0,2021-12-15
50,8.7,1115,3.0,k76935747u,0,2019-1-24
37,8.1,1080,1.0,I34381973X,0,2021-2-19
37,8.1,1048,5.0,Q23045858c,0,2020-11-15
44,8.4,964,4.0,r17312868Y,0,2021-1-19
31,8.1,950,9.0,y23041023t,1,2020-10-19
23,9.7,1151,19.0,H13067987f,1,2020-12-12
40,7.8,485,0.0,O22777181n,0,2019-7-10
38,8.2,51,8.0,h14709632S,0,2020-1-27
18,8.8,1181,19.0,v22786551u,1,2020-12-19
44,8.0,1193,1.0,E10834317t,0,2020-12-22
20,7.7,1656,10.0,f10921497E,1,2018-6-9
37,9.1,2205,12.0,G10679562R,1,2018-1-15
29,8.8,164,10.0,H19451470s,1,2019-10-4
37,7.7,2031,2.0,H21783055W,0,2021-10-26
36,8.0,617,9.0,b15021231Y,1,2020-7-22
22,7.7,14,0.0,V85841713O,1,2020-2-9
30,8.6,64,7.0,v30786220Y,0,2020-1-24
32,7.5,133,2.0,X20922977Y,1,2019-12-20
32,8.3,1793,6.0,X20649333A,0,2021-8-24
21,9.1,271,10.0,M21205640h,1,2019-9-6
43,8.2,987,5.0,T69749298i,0,2019-2-27
25,8.8,1459,10.0,G15753402T,1,2018-8-1
28,8.5,74,,i85431667v,0,2019-10-25
22,7.4,1860,,G74881888L,1,2018-4-15
37,6.7,1146,23.0,J12034647c,0,2019-1-17
36,7.5,1105,2.0,s12925350i,0,2021-2-25
38,9.0,126,74.0,U30138733c,1,2019-12-18
49,8.4,1532,3.0,f93897409G,0,2021-6-17
27,9.6,119,12.0,E22101382K,1,2020-3-13
40,8.0,967,20.0,Z22241027G,0,2019-3-5
34,8.6,193,0.0,U17882906x,0,2019-9-24
39,7.5,1009,0.0,K22480594W,0,2019-2-22
32,7.4,1129,1.0,U10650251V,0,2019-1-21
30,8.2,344,3.0,j20974900M,0,2019-8-16
53,8.0,967,18.0,C56323667d,0,2019-3-5
27,9.3,733,23.0,Y19850923O,1,2020-8-22
38,8.1,69,13.0,j20550063u,1,2019-12-5
40,9.5,539,16.0,f60910101m,0,2019-6-24
42,8.9,818,15.0,r18711438Y,1,2020-9-15
19,7.9,2613,13.0,o37569112Y,1,2017-7-4
28,8.1,762,17.0,N14910545B,1,2020-9-2
27,9.3,857,16.0,C20013097N,1,2020-9-24
18,9.4,1018,,l71474803H,1,2018-11-23
48,9.1,689,2.0,r11916086P,0,2019-5-16
25,9.6,349,11.0,e71144650G,1,2020-5-13
38,6.6,1151,11.0,P15668080A,0,2019-1-16
36,7.7,1442,,l14992343Z,0,2021-5-23
24,9.7,1715,16.0,z17736390Y,1,2021-8-6
30,8.7,451,,i19838660r,1,2020-6-10
28,7.9,843,12.0,G80395373M,1,2019-4-7
48,7.6,813,,J46027137m,0,2019-4-14
24,9.0,1112,14.0,Q22830811T,1,2020-12-3
58,8.3,868,7.0,T16138730V,0,2019-3-28
44,8.0,276,3.0,I13731845c,0,2020-4-23
38,8.4,1070,29.0,s22525729W,1,2018-11-11
24,8.4,404,22.0,y88988936w,1,2020-5-26
39,7.3,579,5.0,T22573717t,0,2019-6-15
26,9.2,195,,k22275710l,1,2020-4-4
49,7.8,540,2.0,E11260878r,0,2019-6-24
36,7.1,1090,0.0,F17998259B,0,2019-1-30
43,8.1,1588,3.0,a10712143l,0,2021-6-30
27,8.1,207,4.0,l71637881F,1,2019-9-21
44,9.1,1184,5.0,G74219686i,0,2019-1-8
38,8.5,472,7.0,F27497347h,0,2019-7-13
35,8.0,635,1.0,D41274392a,1,2019-6-2
47,8.0,1357,2.0,B58997672Z,0,2021-4-30
23,7.9,314,2.0,u19888671y,1,2020-5-5
30,8.2,146,14.0,l20162261S,1,2019-12-23
43,8.5,885,9.0,L65232038q,0,2019-3-24
49,7.5,2411,0.0,I13481983x,0,2022-5-4
32,8.6,1787,,D91362948a,1,2018-5-5
20,8.3,920,16.0,V53282627o,1,2020-10-12
18,8.2,297,13.0,k15279015N,1,2020-5-1
46,8.0,1818,,S22705530a,0,2021-8-30
18,9.4,758,13.0,Q89135282M,1,2020-9-1
37,7.2,476,12.0,l79268265R,1,2020-6-16
42,8.3,1647,8.0,r19035679W,0,2021-7-17
32,8.2,983,4.0,S12874816m,0,2019-2-28
39,8.4,1189,8.0,w92240387i,0,2019-1-7
31,8.4,1031,4.0,n25705886X,1,2020-11-11
48,8.3,646,15.0,M70136289y,0,2019-5-26
34,7.9,800,3.0,B21463389X,0,2020-9-11
46,8.7,172,12.0,B22776348u,0,2019-9-29
46,9.1,765,15.0,B11351830I,0,2019-4-25
25,8.4,826,8.0,F20953046a,1,2020-9-17
45,8.1,741,2.0,Y94518059X,0,2020-8-24
20,8.8,586,10.0,u80378728T,1,2019-6-13
32,8.6,1567,8.0,U16146196e,0,2021-6-25
21,8.8,310,16.0,c13297906v,1,2020-5-4
44,8.3,1442,2.0,O22114189f,0,2021-5-23
27,7.1,82,12.0,G18036155E,0,2020-1-20
18,9.2,415,,V25512720r,1,2019-7-26
43,8.7,983,8.0,s93989634S,0,2019-2-28
26,8.1,2023,19.0,G84350611p,1,2018-3-4
35,7.0,494,0.0,j12406618S,1,2019-7-8
41,8.3,403,2.0,C53837923M,0,2019-7-29
24,8.7,455,13.0,Y13589820k,1,2020-6-11
23,8.6,1001,14.0,Z86467233c,1,2020-11-4
40,7.7,1142,2.0,q86199947L,0,2019-1-18
30,8.5,1501,45.0,N96346429k,1,2018-7-18
42,9.6,480,,H12020480G,0,2019-7-11
24,7.6,515,6.0,v10784218D,1,2020-6-25
39,8.1,715,16.0,Z57841972j,1,2020-8-18
45,7.9,1035,7.0,I17457290M,0,2019-2-16
32,7.9,668,12.0,c14411685x,1,2020-8-7
27,9.8,560,22.0,R78592053U,1,2019-6-19
29,7.9,370,5.0,p39856277W,0,2019-8-10
31,8.6,587,2.0,c19011119H,0,2019-6-13
35,7.7,126,4.0,t61031389F,0,2019-10-13
23,8.3,404,14.0,F10628195r,1,2019-8-2
18,9.0,881,15.0,g22187525Z,1,2020-10-3
22,7.4,1000,0.0,f86554470k,1,2020-11-4
48,7.6,53,3.0,b74298386H,0,2019-10-30
26,8.8,61,18.0,u21101892C,1,2019-10-28
18,8.3,165,11.0,J78306632X,1,2020-3-24
18,9.2,80,17.0,B22276240K,1,2020-3-4
31,6.1,15,16.0,K20595934Y,0,2020-2-16
44,9.0,1039,14.0,X47230151k,0,2020-11-13
51,7.2,1718,12.0,t71555437G,0,2021-8-7
30,7.5,1176,4.0,O12929877k,1,2020-12-18
45,8.8,255,20.0,m20373430w,0,2020-4-18
42,8.3,578,3.0,v19403348Z,0,2019-6-15
25,8.0,96,11.0,d12367674Y,1,2019-10-20
34,7.3,663,5.0,C12729032z,1,2020-8-6
28,8.6,296,,d35202170m,1,2020-5-1
43,8.2,1404,25.0,d21858956W,0,2021-5-14
36,6.9,78,0.0,Z20879848i,0,2020-1-21
18,7.8,378,2.0,U18748719u,1,2020-5-20
55,8.0,1908,18.0,T12299347c,0,2021-9-24
19,7.3,689,8.0,u13143325k,1,2020-8-12
36,8.8,962,7.0,d15686930R,0,2019-3-6
37,7.6,680,3.0,H39461511D,0,2019-5-18
18,8.5,1113,8.0,g74547486l,1,2018-11-1
51,8.2,2318,7.0,v28425990j,0,2022-4-9
25,7.3,58,0.0,D83441297X,1,2020-2-26
40,8.1,185,13.0,B12329118n,0,2019-9-26
18,8.6,413,12.0,Q19488418e,1,2020-5-28
49,8.0,307,7.0,A11175525T,0,2020-4-30
44,8.0,1035,5.0,K85245732P,0,2019-2-16
22,8.0,412,2.0,M24537815n,1,2020-6-1
56,7.2,1163,5.0,E16325055M,0,2019-1-13
21,9.6,1583,14.0,n16092297B,1,2021-7-2
18,6.9,1063,3.0,N18345283b,1,2018-11-13
44,6.6,898,,y10282249U,1,2020-10-7
38,8.1,941,8.0,s13804520g,1,2020-10-17
31,9.0,1335,17.0,z21821095d,1,2018-9-3
56,8.4,941,13.0,B17438117E,0,2019-3-11
39,7.9,1022,2.0,Z50201506q,0,2019-2-19
29,7.9,698,13.0,e22541958J,1,2020-8-14
51,8.0,650,3.0,q67988086n,0,2019-5-25
33,6.5,1967,6.0,J11771773u,0,2022-1-8
48,8.8,100,,z11476715P,0,2019-10-19
51,8.7,917,10.0,k19960711e,0,2021-1-8
32,8.4,32,6.0,m12069261s,1,2019-11-8
45,8.2,1070,5.0,r22853042d,0,2020-11-20
28,9.1,1074,9.0,o20236945D,1,2020-11-21
18,9.9,1040,22.0,t33388967H,1,2020-11-13
45,7.9,778,10.0,b17701132x,0,2019-4-22
31,7.6,980,0.0,q20709283P,1,2019-3-2
39,8.9,1510,2.0,S17646348G,0,2021-6-12
33,7.7,1228,13.0,X92107157a,1,2020-12-30
59,8.1,947,5.0,P11098715I,0,2021-1-15
37,8.7,161,6.0,b15908027E,0,2020-3-23
22,7.3,757,3.0,k10568406G,1,2020-9-1
41,8.4,1417,6.0,f21065973h,0,2021-5-17
26,9.2,2128,24.0,L12462762R,1,2018-2-6
34,8.0,1005,9.0,n67129157u,1,2020-11-5
27,8.6,664,8.0,b93644934Q,1,2020-8-6
54,7.9,753,,k77278029O,0,2019-4-28
33,8.2,172,10.0,W21446773c,0,2019-9-29
45,8.3,424,3.0,y12899867I,0,2020-6-4
18,10.0,21,18.0,t18648902y,1,2020-2-17
21,8.8,809,16.0,k18480395K,1,2020-9-13
25,8.4,122,20.0,V66756337r,1,2020-3-14
18,8.3,313,,N18780901C,1,2019-8-23
36,8.1,907,6.0,Z78741895D,0,2019-3-19
32,7.6,2040,4.0,g17036333r,0,2021-10-28
34,7.7,757,6.0,w14230452F,1,2020-9-1
25,9.8,656,17.0,B73321003R,1,2020-8-4
29,8.3,44,13.0,A16337862c,1,2020-2-2
33,8.3,1146,14.0,u14359088i,1,2020-12-11
31,7.6,911,2.0,A85110099Q,0,2019-3-18
40,7.7,904,3.0,R20107849q,0,2021-1-5
26,8.5,536,10.0,b73338842k,1,2020-7-3
33,9.0,1306,11.0,e60804321u,0,2021-4-18
46,8.7,851,11.0,t43388483y,0,2019-4-5
34,8.7,952,7.0,h16867702x,0,2021-1-16
26,7.9,894,5.0,B12767397t,1,2020-10-6
18,9.5,1023,21.0,a83940315e,1,2020-11-9
27,8.0,655,14.0,d43084447p,1,2020-8-4
48,8.6,294,9.0,Z16263094C,0,2020-4-27
36,8.7,552,10.0,W17716307D,0,2019-6-21
18,8.4,557,15.0,h65268671g,1,2020-7-8
23,9.0,536,11.0,m15709833o,1,2020-7-3
30,9.0,531,12.0,k23017205N,1,2020-7-2
18,8.4,770,8.0,h11773590q,1,2020-9-4
18,7.6,155,59.0,A17182873b,1,2019-12-25
34,7.6,1693,11.0,q20304729X,1,2018-5-27
37,8.8,113,12.0,n21477729E,0,2019-10-16
24,6.8,308,3.0,I10935835Q,1,2020-5-4
40,8.4,2210,14.0,U31513387N,0,2018-1-14
33,7.9,1681,3.0,g18599158U,0,2021-7-25
33,8.8,928,11.0,J55425143N,1,2019-3-14
43,8.5,1102,11.0,L90776964F,0,2019-1-27
40,7.0,1579,1.0,l93479454f,0,2021-6-28
30,9.4,114,16.0,d11081311g,1,2020-3-12
40,8.1,103,1.0,I16225721h,0,2019-12-13
27,8.9,1249,10.0,Y17120116u,1,2018-9-23
28,9.7,1199,20.0,d73542399K,1,2020-12-23
27,9.1,225,,d90051437r,1,2020-4-11
33,8.0,895,5.0,j10700109F,1,2018-12-25
24,8.8,903,18.0,Y60383385B,1,2020-10-8
32,7.7,1583,3.0,g23634241Q,0,2021-6-29
23,8.4,1092,6.0,R21318888o,1,2018-11-6
28,9.1,1603,19.0,D14191415z,1,2018-6-21
18,8.1,1032,12.0,Z16172638W,1,2018-11-20
27,7.4,1217,2.0,i16959523J,1,2018-10-4
21,8.8,740,0.0,V26312236Q,1,2019-5-4
27,8.4,677,,z11900321y,1,2020-8-9
38,8.6,182,14.0,T17137478v,0,2020-3-28
34,7.9,681,9.0,s12460511M,1,2019-5-18
25,7.7,757,13.0,H11069579v,1,2020-9-1
20,8.2,591,14.0,W21192721z,1,2020-7-16
21,8.3,659,9.0,o56235893i,1,2020-8-5
44,9.6,539,10.0,M22633898U,0,2019-6-24
31,8.1,1557,8.0,G18509550f,1,2018-7-5
28,8.9,1115,1.0,G19033586B,0,2021-2-27
43,7.9,1103,6.0,I17932762T,0,2019-1-27
20,8.2,651,17.0,z10411366j,1,2020-8-3
42,8.0,1267,12.0,I21170083v,0,2021-4-9
36,8.9,44,,U18839065i,0,2019-11-26
42,7.5,43,3.0,K62834749b,0,2020-1-29
41,8.3,1075,15.0,S43555204O,0,2021-2-18
23,8.6,1202,21.0,A17608702K,1,2020-12-24
22,8.0,3295,7.0,z21339632o,1,2017-1-6
30,8.2,749,13.0,i77913214v,1,2019-5-2
45,7.8,946,10.0,V57619061a,0,2019-3-10
44,8.2,1159,14.0,L18960017A,0,2019-1-14
19,8.9,1103,13.0,F65711410l,1,2020-12-1
19,8.0,532,13.0,C22552265X,1,2020-6-29
20,8.5,907,13.0,o12958897d,1,2019-3-19
42,8.6,446,11.0,N21832572P,0,2019-7-19
49,8.7,172,11.0,P44089091F,0,2019-9-29
20,8.8,1129,10.0,S10063770D,1,2020-12-7
47,8.8,526,27.0,z91009187U,0,2019-6-27
27,8.6,916,,f15604125L,1,2020-10-11
31,9.3,818,14.0,V86906452O,1,2020-9-15
44,8.2,868,3.0,b20347496m,0,2019-3-28
50,8.4,1141,11.0,F76440437t,0,2019-1-18
32,8.7,783,25.0,f14298625x,1,2020-9-7
34,8.2,650,3.0,c12271170H,0,2019-5-25
22,9.6,920,20.0,J84307909R,1,2018-12-19
32,8.1,309,12.0,q19335080g,1,2020-5-4
18,8.1,416,14.0,y40149212d,1,2020-6-2
33,8.9,1488,25.0,e12914268W,1,2018-7-21
32,8.0,3207,5.0,g82861719y,0,2022-11-28
21,8.9,451,17.0,j19979985R,1,2020-6-10
41,7.9,288,9.0,j17551167N,0,2019-8-29
25,8.4,1115,1.0,G11390941n,0,2019-1-24
38,7.2,1250,8.0,H18517575w,0,2018-9-23
43,8.9,1010,14.0,a14884638e,0,2018-11-25
18,8.5,1438,13.0,A13002341q,1,2018-8-6
30,8.4,1049,11.0,t89551707r,1,2018-11-16
18,7.8,557,8.0,T10028334y,1,2020-7-8
39,8.5,715,11.0,f18115373B,0,2020-8-18
22,8.1,1438,10.0,P65257359m,1,2018-8-6
28,8.1,642,7.0,D14771614C,1,2020-8-1
23,9.0,1173,22.0,U11478955i,1,2018-10-14
29,8.5,69,18.0,t44937435T,1,2019-12-5
18,8.8,1001,21.0,c86359557K,1,2018-11-27
41,8.5,77,8.0,N97233386z,0,2020-1-21
20,8.2,498,10.0,Q18397689S,1,2020-6-21
37,8.6,728,20.0,v13710785L,1,2019-5-7
31,8.3,112,9.0,F20810771Y,1,2019-12-15
23,6.8,1208,9.0,N81474395M,1,2018-10-6
22,8.5,1027,12.0,y89503395v,1,2020-11-10
49,9.1,1345,7.0,l14003963P,0,2021-4-27
33,8.9,2055,12.0,G74101913B,1,2018-2-23
38,7.4,984,3.0,I39874671W,0,2020-10-27
18,9.5,520,25.0,q19214660F,1,2020-6-26
33,8.1,370,6.0,m95383652X,1,2020-5-18
47,9.5,625,10.0,r11332288a,0,2019-6-4
29,8.0,1000,5.0,u14303251D,1,2019-2-24
46,7.9,1003,5.0,C18457853l,0,2021-1-28
29,8.9,1035,15.0,T13484352i,1,2020-11-12
38,7.7,15,0.0,b15587159J,0,2020-2-16
41,8.9,791,10.0,p16727711x,0,2019-4-19
20,8.1,64,2.0,s16004409c,1,2019-12-4
29,7.7,1356,71.0,w64660420X,1,2018-8-25
26,7.5,1017,7.0,S14485162Z,1,2020-11-8
30,7.2,839,2.0,t13274089D,0,2019-4-8
35,7.1,352,1.0,J19799874f,0,2020-5-14
41,7.7,1127,9.0,r19361453G,0,2021-2-30
28,9.4,1314,18.0,B13073879J,1,2018-9-8
30,8.7,2242,9.0,q15285169K,0,2022-3-18
27,9.0,890,15.0,o21634371Y,1,2020-10-5
45,9.9,995,6.0,v17844024r,0,2019-2-25
36,7.9,1460,7.0,f67465933Z,1,2018-8-1
51,7.8,813,18.0,Q14059655m,0,2019-4-14
35,8.6,617,9.0,S77230871I,0,2020-7-22
45,8.2,1229,13.0,V16314407j,0,2021-3-27
33,8.5,134,15.0,F17871883o,1,2019-12-20
37,7.5,1215,17.0,M15115143z,0,2020-12-27
27,7.1,1047,8.0,p19666944y,1,2020-11-15
21,8.3,942,9.0,r84801096m,1,2018-12-14
28,9.3,955,,n84892986P,1,2018-12-11
40,9.0,912,4.0,v13033930y,1,2020-10-10
41,7.4,18,1.0,X16708128s,0,2019-11-20
30,8.9,1119,12.0,r20475720N,0,2021-2-28
36,7.6,1000,,L84904281p,0,2019-2-24
28,7.5,1656,3.0,u57121102V,1,2018-6-9
40,7.8,681,3.0,T12911547w,0,2019-5-18
36,7.9,642,7.0,o11871701y,1,2020-8-1
22,6.5,424,18.0,H13243601z,1,2020-6-4
44,7.5,975,3.0,A93002694T,0,2019-2-30
19,7.9,455,13.0,l65649652i,1,2020-6-11
36,7.3,203,8.0,e66724407q,0,2019-9-22
36,8.5,1114,4.0,b22503091v,0,2021-2-27
36,9.1,1018,14.0,v35912959b,1,2020-11-8
28,9.3,736,17.0,M11141579E,1,2019-5-5
41,8.2,76,9.0,y15307234f,0,2020-2-30
39,9.8,1852,17.0,W67899894q,0,2021-9-11
31,8.6,1019,15.0,l64517803W,1,2018-11-23
27,9.7,1228,,p21146550k,1,2018-10-1
36,8.4,920,10.0,S85300822n,1,2020-10-12
27,8.6,881,14.0,j89328971j,1,2020-10-3
38,7.3,566,2.0,Y18254291S,0,2019-6-18
31,7.3,634,7.0,r19351554p,0,2020-7-26
47,8.3,1185,13.0,U12754160l,0,2019-1-8
28,9.0,1146,21.0,G20030729a,1,2020-12-11
22,8.7,1208,14.0,e14024361b,0,2021-3-22
52,7.8,1740,2.0,u16474734Y,0,2021-8-12
23,8.7,1177,13.0,L11818656F,1,2018-10-13
50,7.6,151,5.0,w13954148w,0,2020-1-4
42,6.8,1104,5.0,m46798258H,0,2021-2-25
34,8.3,211,0.0,s22687144d,1,2020-4-8
48,8.0,578,3.0,O12043646I,0,2019-6-15
26,9.3,991,12.0,i12499844F,0,2019-2-26
37,8.4,1176,5.0,P97501863J,0,2019-1-10
18,9.1,1296,18.0,X17433347h,1,2018-9-12
43,8.4,1150,13.0,F13824408P,1,2020-12-12
45,9.2,1856,12.0,N65047895Y,0,2021-9-12
20,8.8,3013,9.0,k30508330H,1,2017-3-18
30,7.2,617,6.0,u77845537r,1,2020-7-22
43,7.8,1484,8.0,q14089655Z,1,2018-7-22
42,7.2,1057,4.0,Y18440405P,0,2021-2-14
25,8.0,1039,9.0,p16849044I,1,2020-11-13
26,7.8,1638,9.0,t33554826A,0,2021-7-15
22,9.4,2484,19.0,v15833732k,1,2017-8-7
24,8.1,1111,18.0,m22326878S,1,2020-12-3
23,8.1,766,3.0,j58765518Y,1,2020-9-3
44,8.9,1098,,e12691807e,0,2019-1-28
37,7.9,1141,7.0,T65969180h,0,2019-1-18
18,8.9,23,18.0,Y49329269t,1,2019-11-10
44,7.9,10,15.0,S11112314J,0,2019-11-18
37,9.4,1424,22.0,u76603057V,1,2018-8-9
29,9.1,88,4.0,g81546310s,1,2020-3-6
38,7.7,135,2.0,z20011122A,0,2020-3-17
44,7.0,1146,1.0,Q17326718h,0,2019-1-17
33,8.8,1091,12.0,H12554641Q,1,2019-2-3
53,7.8,514,5.0,e25261616X,0,2019-6-30
27,7.7,1002,9.0,R19738146R,1,2018-11-27
51,7.7,1237,1.0,f18922271S,0,2018-9-26
23,7.8,417,,x92384864F,1,2020-5-29
34,7.6,187,1.0,s19647892F,0,2020-3-29
32,8.9,994,21.0,Q45155335q,1,2018-12-2
51,9.3,2125,5.0,x21617122j,0,2021-11-21
49,9.4,659,17.0,r32794376g,0,2019-5-23
40,8.9,68,9.0,C19963668k,0,2020-1-23
40,9.4,1193,8.0,b10976108H,0,2019-1-6
41,8.4,272,1.0,p10208096A,0,2020-4-22
50,8.2,20,1.0,T47717865W,0,2020-2-17
35,8.1,1403,6.0,s15324196W,1,2018-8-14
42,9.2,1111,12.0,A12662831s,0,2019-1-25
31,8.7,309,13.0,c10628344G,0,2019-8-24
43,7.6,463,1.0,R75291483e,0,2019-7-15
39,7.4,928,4.0,y19077371P,0,2019-3-14
44,6.6,1049,1.0,w16495801y,0,2021-2-12
30,8.6,471,13.0,l69732206m,1,2019-7-13
23,7.7,1104,10.0,Z21737660D,1,2020-11-28
28,10.0,294,12.0,c88586202B,1,2020-4-27
30,7.7,664,0.0,G84829025s,0,2019-5-22
29,8.6,1177,16.0,z73474777A,1,2018-10-13
47,8.1,156,11.0,I18953208q,0,2019-10-6
42,7.7,1009,5.0,n23057708V,0,2020-11-6
18,8.4,425,15.0,i21473852P,1,2020-6-4
38,8.1,237,1.0,J10646529f,0,2020-4-14
21,9.2,1147,15.0,I15371508q,1,2018-10-20
45,8.9,485,13.0,h39573222J,0,2019-7-10
41,8.3,974,,J83265652A,0,2019-2-30
41,7.6,1216,0.0,w19766354J,0,2021-3-24
32,8.4,494,7.0,w43576180x,1,2020-6-20
22,8.2,3,12.0,m15614012Q,1,2020-2-13
22,8.5,694,0.0,z85545922W,1,2020-8-13
30,8.4,331,12.0,k21229634f,1,2020-5-9
51,8.8,991,3.0,U19393452c,0,2021-1-25
28,9.1,293,,A84702524U,1,2019-9-1
52,9.2,973,20.0,N19554627x,0,2021-1-21
39,8.6,651,6.0,s17903865I,1,2020-8-3
45,9.2,1115,20.0,C18040862A,0,2019-1-24
51,8.1,90,0.0,R76637358i,0,2020-1-18
36,8.6,1091,7.0,m15697042J,0,2020-11-25
27,8.2,1314,10.0,b18269046u,1,2018-9-8
40,7.8,314,7.0,T81685968c,0,2019-8-23
29,8.4,852,6.0,Z94988914v,1,2019-4-5
29,8.1,1249,5.0,X15177135E,1,2018-9-23
33,8.2,370,19.0,O12768454r,0,2019-8-10
35,8.4,1165,20.0,s15242063N,1,2021-3-12
46,8.3,915,13.0,H13408069K,0,2019-3-17
30,8.8,485,17.0,w21455306g,1,2020-6-18
28,8.3,1116,14.0,a13357191Q,1,2020-12-4
44,7.1,37,2.0,d10251321W,0,2020-2-21
22,7.7,1340,4.0,Q91053122T,1,2018-9-2
42,7.9,1797,3.0,Y12667680h,0,2021-8-25
37,8.1,800,0.0,v73049370K,1,2019-4-17
30,7.8,301,9.0,w16828100q,1,2020-5-2
20,7.9,211,9.0,g10933060s,1,2020-4-8
28,8.0,766,0.0,o11646764r,0,2019-4-25
37,8.6,1031,9.0,K81055836t,0,2020-11-11
28,9.0,212,17.0,u29271003H,1,2020-4-8
41,7.0,272,11.0,z18021800M,0,2019-9-6
21,8.8,1722,9.0,t54134113F,1,2018-5-20
42,7.0,2188,6.0,Z42211226p,0,2021-12-9
24,8.1,272,,s16220620I,1,2020-4-22
18,8.7,1203,10.0,R65722864P,1,2020-12-24
44,7.9,1127,7.0,A20255742F,0,2021-2-30
57,9.4,1222,16.0,g11122707f,0,2021-3-25
38,10.0,445,13.0,W63182925B,0,2019-7-19
52,6.3,1091,19.0,v64385108B,0,2019-1-30
28,8.3,1160,1.0,x16215576o,1,2018-10-17
23,8.8,1159,22.0,T14937679m,1,2020-12-14
34,8.1,1009,5.0,h21499193W,0,2019-2-22
50,7.5,1163,7.0,I17579540G,0,2019-1-13
18,8.5,778,9.0,a14345282N,1,2019-4-22
33,9.2,1184,9.0,c85927054r,0,2019-1-8
24,7.6,511,9.0,T21836155U,1,2019-7-4
18,8.5,1455,2.0,R18640598Z,1,2018-8-2
33,8.5,42,0.0,w17025177c,0,2020-2-22
47,7.1,737,17.0,a64098163d,0,2019-5-5
19,7.0,795,10.0,B22474886f,1,2020-9-10
18,8.3,523,17.0,A29679022f,1,2019-7-1
25,9.7,707,19.0,I43057395g,1,2020-8-16
26,8.4,719,16.0,P14024968S,1,2019-5-9
26,8.8,1114,8.0,Q19529036A,0,2021-2-27
41,7.2,399,1.0,K19733462J,0,2019-7-30
34,7.7,92,7.0,Y11801062z,0,2019-10-21
31,7.6,497,,P12297009J,0,2020-6-21
42,8.1,865,1.0,U20071744T,0,2020-9-26
35,8.5,1098,11.0,v55349614E,0,2019-1-28
32,8.8,562,11.0,V32632538z,1,2020-7-9
18,8.8,1574,19.0,K23279513O,1,2018-7-1
25,9.2,1744,11.0,s20041787l,1,2018-5-15
33,9.3,929,1.0,i51048920o,1,2020-10-14
26,8.8,24,20.0,k18345596e,1,2019-11-10
39,8.3,296,8.0,s12660808G,0,2019-8-27
29,9.1,260,,y82306195B,1,2020-4-19
33,8.9,421,21.0,i61733127P,1,2020-6-3
45,8.6,178,11.0,z36077683s,0,2020-3-27
49,7.8,748,8.0,O22332646F,0,2019-4-29
31,8.5,932,6.0,u21973367N,0,2019-3-13
19,8.3,276,9.0,g41752969c,1,2019-9-5
48,8.6,1172,4.0,Z21178503C,0,2019-1-11
33,7.7,1928,5.0,r89425776A,1,2018-3-26
32,9.1,343,18.0,r28914688V,1,2019-8-16
48,7.6,305,0.0,V11183730s,0,2019-8-25
19,8.2,1048,13.0,h92336421g,1,2020-11-15
41,7.5,288,6.0,B19362109K,0,2019-8-29
33,8.6,1655,10.0,a22317051f,1,2018-6-9
47,8.6,3027,4.0,F67630917w,0,2022-10-13
44,8.2,322,,n17643247Y,0,2019-8-21
26,8.6,2027,20.0,M28423958N,1,2018-3-3
39,7.4,898,5.0,R40382737f,0,2019-3-21
21,8.9,681,,E33020831v,1,2020-8-10
54,8.3,2507,5.0,E22474332y,0,2022-5-26
42,8.3,908,2.0,D29168722n,0,2021-1-6
26,9.0,45,25.0,V18925390S,1,2019-11-5
33,7.8,1349,4.0,g97424343k,0,2021-4-28
26,8.5,947,10.0,R19140751u,1,2018-12-13
24,8.8,1014,8.0,N84715652W,1,2020-11-7
20,7.2,1043,11.0,t13357972G,1,2020-11-14
27,8.2,1000,9.0,a21881951s,1,2020-11-4
34,7.4,159,3.0,A14597845h,0,2019-12-26
22,8.6,314,12.0,e13716336i,1,2020-5-5
40,9.0,885,11.0,n14251542K,0,2019-3-24
24,8.4,916,16.0,X15884055Q,1,2020-10-11
26,8.7,711,12.0,D42320343g,1,2020-8-17
30,8.3,174,9.0,x13768401O,1,2020-3-26
22,9.1,697,22.0,o54271294N,1,2019-5-14
18,8.2,228,56.0,l52317055O,1,2019-9-16
39,8.5,1097,3.0,p20441306p,0,2021-2-23
36,7.9,148,3.0,Z17732626K,0,2020-3-20
18,8.9,1039,17.0,V17573426q,1,2019-2-15
33,10.0,897,16.0,l15762868i,0,2019-3-21
18,9.0,1442,11.0,p22736802a,1,2018-8-5
21,8.0,1133,11.0,j12842222Q,1,2020-12-8
48,8.9,530,15.0,R21275369H,0,2019-6-26
18,7.9,876,20.0,U19942233e,1,2020-10-2
46,9.0,1358,17.0,q87034789O,0,2021-4-30
41,8.3,1488,13.0,K20453820B,0,2021-6-7
49,8.0,787,49.0,u18391381Y,0,2019-4-20
50,8.6,630,3.0,S20195210i,0,2020-7-25
32,8.4,1185,13.0,c19785935n,1,2020-12-20
26,8.7,1039,10.0,a60323231P,1,2019-2-15
24,7.8,159,7.0,Y19105090b,1,2020-1-2
18,8.5,1886,19.0,g42927533N,1,2018-4-9
42,8.0,527,6.0,w13827575U,1,2020-7-1
22,8.9,757,18.0,m14168564U,1,2020-9-1
37,8.8,442,1.0,X20414090s,0,2020-6-8
20,8.1,1792,11.0,x13363966d,1,2018-5-4
50,8.0,10,9.0,z16962875U,0,2019-11-18
40,8.2,537,1.0,C19707673f,0,2020-6-30
18,9.5,882,20.0,S16686385a,1,2020-10-3
44,8.3,1981,7.0,V20882526L,0,2022-1-11
37,9.2,467,59.0,w16975966u,0,2019-7-14
49,7.8,992,0.0,s20291135l,0,2019-2-26
46,8.2,2086,13.0,C64402647A,0,2021-11-12
33,8.1,357,12.0,X51579957d,1,2020-5-15
30,8.3,877,12.0,v61693748s,1,2020-10-2
35,9.4,647,17.0,M19100929Z,1,2020-8-2
22,9.3,1570,25.0,J63861547I,1,2018-7-2
38,7.2,49,6.0,m71554008P,0,2020-2-24
23,7.8,1074,2.0,s47698272l,1,2020-11-21
26,8.2,946,13.0,O15130165E,1,2020-10-18
43,9.0,889,,S72042717B,0,2019-3-23
40,8.2,1090,9.0,d20896627W,0,2019-1-30
44,9.3,25,73.0,b16709331i,0,2020-2-18
36,7.7,822,5.0,U21243566X,0,2019-4-12
29,7.8,56,6.0,r15842698s,1,2019-12-2
37,8.0,1074,4.0,c41641477h,0,2019-2-7
50,7.2,159,13.0,p17264863z,0,2019-12-26
35,8.2,1297,10.0,b46315373R,0,2021-4-16
39,9.0,407,9.0,U19839679T,0,2019-7-28
23,8.0,224,19.0,l11392225L,1,2020-4-11
39,8.3,494,1.0,d84799906f,0,2020-6-20
25,8.1,762,14.0,a84487465b,1,2020-9-2
23,8.9,2184,,w13459082Y,1,2021-12-8
35,8.2,1925,5.0,C10562525Y,1,2017-12-30
25,8.0,519,4.0,I58281343Y,1,2019-7-2
46,7.9,839,6.0,P79738207m,0,2019-4-8
23,7.3,2151,0.0,b16085213Y,1,2018-2-1
45,9.5,104,46.0,Z20431474x,1,2019-12-13
34,9.2,25,11.0,N29830929C,0,2020-2-18
40,9.6,914,22.0,D11126407S,0,2019-3-17
48,8.6,872,9.0,J13211222L,0,2019-3-27
48,8.3,1193,8.0,R14265672g,0,2019-1-6
50,7.7,1455,5.0,V14383534y,0,2021-5-26
46,8.3,2271,6.0,e22890239M,0,2021-12-28
47,8.1,526,12.0,K19525184L,0,2019-6-27
40,8.4,1088,,t20074710G,1,2018-11-7
29,8.6,938,8.0,f23788487f,1,2018-12-15
31,7.8,924,4.0,J98026989y,1,2020-10-13
24,8.4,178,15.0,v39473149X,1,2020-3-27
24,9.1,468,8.0,f15939222v,1,2020-6-14
49,8.8,952,3.0,q22708054X,0,2021-1-16
18,8.3,1425,,V16535121F,1,2018-8-9
18,8.0,1133,5.0,W57945097t,1,2020-12-8
24,8.0,357,5.0,N85623288G,1,2020-5-15
22,8.1,1065,7.0,r12601536B,1,2020-11-19
28,8.9,1305,18.0,P14258458j,1,2018-9-10
18,8.1,621,5.0,Y22991430T,1,2019-6-5
25,8.8,1727,7.0,c19110758E,1,2018-5-19
38,8.7,1163,6.0,b95422177Y,0,2019-1-13
36,8.0,876,8.0,P50293356H,0,2019-3-26
43,6.7,1970,12.0,X17389366V,0,2021-10-12
41,9.3,1345,11.0,W76272995y,0,2021-4-27
27,9.3,677,21.0,F84728585j,1,2020-8-9
45,9.2,2241,7.0,a18565571Q,0,2021-12-21
46,8.9,398,18.0,A94104005S,0,2019-7-30
43,8.1,591,2.0,Q11588044Z,0,2019-6-12
49,8.2,646,0.0,h17551660a,0,2019-5-26
27,8.4,1446,10.0,L69958156X,1,2018-8-4
48,8.3,557,8.0,W25380803o,0,2019-6-20
41,7.6,749,17.0,B27658877w,0,2019-4-29
38,9.9,1132,7.0,s27230981O,0,2019-1-20
34,8.9,152,9.0,X39768504Q,0,2019-10-7
31,9.2,1035,17.0,X45193581s,1,2020-11-12
45,8.4,565,12.0,X27405031t,0,2019-6-18
28,7.1,915,6.0,s75271860x,1,2020-10-11
25,8.6,988,17.0,H17207261N,1,2020-11-1
31,9.2,334,19.0,F17937234y,1,2019-8-18
46,9.4,1155,18.0,L11505595l,0,2020-12-13
29,8.8,1539,10.0,Y12503259Z,1,2018-7-9
29,8.5,689,9.0,R10156707U,1,2019-5-16
33,8.8,1066,16.0,u64859010j,1,2020-11-19
34,7.3,314,1.0,v11618145O,0,2019-8-23
40,8.3,152,1.0,o13610932E,0,2020-3-21
34,8.9,902,11.0,u58531400G,0,2019-3-20
35,9.8,706,19.0,p10088962h,0,2019-5-12
34,8.4,322,8.0,s47665484f,0,2019-8-21
18,8.3,366,14.0,W76756141D,1,2020-5-17
29,7.9,165,,D21255393o,0,2020-3-24
26,9.2,49,10.0,C15692824n,1,2019-11-27
39,9.2,747,14.0,Z21892288n,0,2019-4-29
51,7.9,1052,,r14995087e,0,2019-2-12
36,8.4,335,11.0,U18048136S,1,2020-5-10
18,8.1,1146,11.0,Y98811483z,1,2020-12-11
28,9.0,1224,19.0,n82646322A,1,2018-10-2
21,8.7,681,17.0,N47462012O,1,2020-8-10
43,7.1,536,2.0,x21261508t,0,2020-6-30
38,7.8,53,9.0,p13735289O,0,2019-10-30
43,7.5,108,1.0,T19182692y,0,2020-1-14
25,9.1,18,13.0,h19709617g,1,2020-2-8
23,8.8,1825,14.0,B13961326W,1,2018-4-23
47,6.9,357,0.0,l49845317P,0,2019-8-13
23,8.6,1120,17.0,e18141456x,1,2020-12-5
38,8.7,160,25.0,n11437325k,1,2019-10-5
23,7.9,1345,13.0,L11969095q,1,2018-9-1
56,8.2,95,1.0,r17317501x,0,2020-1-17
33,7.9,31,13.0,G14046134t,1,2019-11-23
31,8.8,39,,l27452592G,1,2020-2-3
18,8.1,2138,10.0,z12302914o,1,2018-2-4
32,7.3,924,15.0,C13223664Q,0,2019-3-15
26,7.9,1031,11.0,h45239752P,1,2020-11-11
28,8.8,92,13.0,H58238228a,1,2020-3-7
19,7.3,241,6.0,U18229600T,1,2020-4-15
32,8.6,87,7.0,K46078800d,0,2019-10-22
22,7.4,985,4.0,Z19417752q,1,2019-3-1
32,8.8,881,13.0,I21752543u,1,2020-10-3
39,8.2,2622,23.0,Y14156014T,0,2022-6-26
24,8.6,1107,8.0,Z22726546P,1,2020-12-2
31,8.8,1207,2.0,J48589705B,1,2018-10-6
23,8.0,972,22.0,z32347374B,1,2020-10-24
26,7.8,996,1.0,L17737075i,0,2019-2-25
38,7.2,1124,0.0,a21656387d,0,2019-1-22
55,8.0,400,9.0,u47627780e,0,2020-5-25
20,8.1,987,17.0,l57839271i,1,2020-11-1
41,8.0,416,15.0,Z84069105Z,0,2019-7-26
30,8.6,450,15.0,G15505120d,1,2020-6-10
39,7.9,1150,6.0,A23074034E,0,2019-1-16
24,8.0,2167,8.0,C11357745a,1,2018-1-24
30,9.6,631,12.0,v15765930U,0,2020-7-25
30,7.9,1186,5.0,a67262153K,1,2018-10-11
36,7.9,506,0.0,q15820846m,0,2020-6-23
40,7.3,698,8.0,x12206130L,0,2019-5-14
29,7.7,835,0.0,M17373989y,1,2020-9-19
47,8.9,1814,11.0,y19266687j,0,2021-8-29
50,8.2,81,13.0,Q16139833F,0,2020-1-20
22,8.9,2091,,R19673994Y,1,2021-11-13
43,8.4,863,5.0,E70030898P,0,2019-3-29
35,7.9,1107,4.0,K45941533P,1,2020-12-2
27,8.0,1677,13.0,u20889066D,1,2018-6-4
20,8.6,1040,10.0,u11006360W,1,2020-11-13
25,8.6,536,6.0,S18340652d,1,2020-7-3
31,8.1,1203,16.0,S76124865C,1,2018-10-7
35,8.1,1288,22.0,j18494091N,0,2021-4-14
32,9.1,72,22.0,e21697265Q,1,2020-2-29
36,8.8,515,1.0,Z91470243s,0,2020-6-25
32,7.7,2787,1.0,Y93078176A,0,2022-8-11
18,8.0,2003,9.0,H10735116V,1,2017-12-12
18,8.9,1129,19.0,q31369522S,1,2020-12-7
41,9.6,362,6.0,n79154583F,0,2020-5-16
47,9.4,843,13.0,K15542085o,0,2019-4-7
46,8.5,1141,3.0,E11466944x,0,2019-1-18
43,8.1,15,4.0,j47574952R,0,2019-11-12
47,7.7,2715,2.0,o13270478R,0,2022-7-21
