,age,user_rating,user_rides,user_time_accident,user_id,sex,first_ride_date
0,27,7.9,865,11,Z17437965g,1,2019-4-2
1,46,7.0,2116,9,C12362316y,0,2021-11-19
2,52,7.0,947,3,b11098715H,0,2021-1-15
3,37,5.9,18,8,f12618125W,0,2019-11-20
4,39,7.3,428,2,q14375829D,0,2019-7-23
5,21,9.0,831,6,B95976611Q,1,2020-9-18
6,39,5.8,2293,7,U74338505D,0,2022-3-30
7,26,6.9,142,2,c11106749d,1,2019-12-22
8,18,8.5,425,4,v77865210A,1,2020-6-4
9,23,8.3,601,7,W10928335h,1,2020-7-18
10,30,7.3,1049,4,l89551707g,1,2018-11-16
11,21,8.3,988,3,R21579764O,1,2020-11-1
12,21,7.6,23,2,z55608359M,1,2019-11-10
13,30,7.2,540,8,P43597740E,1,2020-7-4
14,39,7.1,889,2,Q97343413j,0,2019-3-23
15,31,7.7,1127,6,C77402338B,0,2021-2-30
16,51,6.6,398,3,e15394866u,0,2019-7-30
17,50,6.9,20,20,a47717865d,0,2020-2-17
18,38,6.6,207,4,c15950307m,0,2020-4-7
19,43,7.1,863,2,u12104023h,0,2019-3-29
20,29,7.3,44,9,K16337862Y,1,2020-2-2
21,22,7.5,1096,7,M67302762n,1,2020-11-26
22,23,7.2,169,5,Z35978135F,1,2019-10-3
23,35,7.5,579,8,b82323894k,1,2020-7-13
24,28,7.3,826,15,k36618531C,1,2020-9-17
25,49,7.9,1345,15,o14003963L,0,2021-4-27
26,32,7.3,1621,9,k57456408r,1,2018-6-17
27,22,7.6,211,5,l19896885r,1,2019-9-20
28,44,7.7,863,3,J12548530W,0,2019-3-29
29,36,7.4,795,8,t12454361r,0,2019-4-18
30,34,7.1,327,22,c19512487L,1,2020-5-8
31,40,6.7,1101,12,A19819437M,0,2021-2-24
32,42,6.2,983,3,v30675472Q,0,2019-2-28
33,31,6.5,1193,9,F18641180E,0,2020-12-22
34,31,8.2,382,10,o31486422z,1,2019-8-7
35,47,7.1,752,2,M12796439F,0,2019-4-28
36,43,5.7,490,1,g20492704X,0,2019-7-9
37,30,7.3,664,5,b20856952L,1,2020-8-6
38,28,7.2,1575,6,E68413954X,1,2018-7-1
39,40,6.3,1544,17,T15645556F,0,2021-6-20
40,31,7.0,322,11,w48859425D,0,2019-8-21
41,31,7.2,1493,13,f22349378i,0,2021-6-8
42,31,8.3,1150,9,g21726801m,1,2018-10-19
43,49,7.2,1934,1,C19011228r,0,2021-9-30
44,34,7.2,511,4,r21707230f,1,2020-6-24
45,37,6.9,135,12,m32502578D,0,2019-10-11
46,18,6.5,1967,12,u18449642W,1,2018-3-17
47,33,7.8,1149,12,H64367359X,1,2019-1-16
48,51,7.0,1142,8,Z20542796t,0,2019-1-18
49,36,7.4,1139,18,W95199979K,0,2021-3-6
50,51,8.1,438,0,H23044113Z,0,2020-6-7
51,21,7.8,1442,2,O15087592j,1,2018-8-5
52,26,5.9,878,2,H83683857D,1,2018-12-29
53,34,7.1,664,9,x39224369E,1,2020-8-6
54,33,8.4,984,8,F15993223E,1,2019-3-1
55,28,7.4,1083,17,N23689024r,1,2018-11-8
56,51,7.4,1660,12,k76658816y,0,2021-7-20
57,31,6.8,251,3,S11424756I,1,2020-4-17
58,22,7.6,238,10,e15207431B,1,2020-4-14
59,43,6.7,285,11,G17002833K,0,2020-4-25
60,49,6.6,1159,9,v43385668V,0,2019-1-14
61,48,6.2,199,0,O32297594A,0,2019-9-23
62,52,7.2,37,5,O42833410z,0,2019-11-7
63,20,7.7,996,6,x20386411v,1,2020-11-3
64,41,7.1,672,2,D15769575v,0,2019-5-20
65,26,6.8,62,15,X89159210E,0,2019-11-30
66,30,6.5,412,5,z21223813s,0,2019-7-27
67,19,7.5,357,14,U13441762m,1,2020-5-15
68,23,6.9,28,18,S28166150Z,1,2020-2-19
69,41,6.0,322,17,a20147975q,0,2019-8-21
70,35,6.9,485,0,d89465208D,1,2019-7-10
71,30,7.0,352,13,s44262596R,0,2019-8-14
72,44,6.2,518,1,X21082387j,0,2019-6-29
73,48,7.2,378,14,n16258618T,0,2020-5-20
74,29,7.8,703,8,m14369104S,1,2020-8-15
75,24,8.4,215,19,L12411698s,1,2019-9-19
76,30,7.2,120,16,F30423055m,1,2020-1-11
77,30,7.7,65,26,b80424564W,0,2019-10-27
78,32,6.7,1211,4,W18846147B,0,2019-1-2
79,32,7.7,53,4,L16897398U,0,2019-10-30
80,24,7.6,1207,22,X13663155C,1,2020-12-25
81,31,7.3,437,1,P43399831M,1,2019-7-21
82,36,7.6,774,15,k11595567r,0,2019-4-23
83,23,8.2,635,7,l14895976I,1,2020-7-26
84,32,5.2,1515,6,Q11197020w,1,2018-7-15
85,23,7.7,347,1,a14069243C,1,2019-8-15
86,19,6.7,348,0,W37347452m,1,2020-5-13
87,33,7.4,417,10,F39345674X,0,2020-5-29
88,18,7.2,844,0,W41290103v,1,2020-9-21
89,37,6.9,1102,4,w65453388f,0,2019-1-27
90,27,6.1,2130,11,k18349943Z,1,2018-2-6
91,28,6.8,417,14,e20159953X,1,2020-5-29
92,33,6.3,2051,0,q16478635L,1,2021-11-4
93,18,7.1,553,3,t17606444d,1,2020-7-7
94,19,7.7,88,7,r32106162v,1,2020-3-6
95,24,7.5,497,9,T22883211C,1,2019-7-7
96,38,7.0,881,15,B31697108K,0,2019-3-25
97,25,7.0,14,9,F39609448X,1,2019-11-19
98,36,7.7,746,14,U24552526T,0,2020-8-25
99,52,6.9,578,24,s12272422I,0,2019-6-15
100,46,6.5,2184,0,E15598917z,0,2021-12-8
101,20,8.0,186,8,k89962515e,1,2020-4-2
102,49,6.4,38,15,I18879954o,0,2020-1-30
103,35,7.1,450,6,U81472734S,0,2019-7-18
104,46,7.2,433,0,b12052533I,0,2019-7-22
105,22,7.5,651,3,j10071996O,1,2020-8-3
106,35,7.3,566,14,E18433472u,0,2020-7-10
107,25,8.6,371,0,H11322539G,1,2020-5-18
108,36,7.0,642,3,W14768661m,1,2020-8-1
109,48,7.7,899,0,G17923526W,0,2020-10-7
110,41,7.3,761,15,w98416804V,0,2019-4-26
111,18,7.5,160,14,B53430513C,1,2019-10-5
112,36,7.2,415,3,S15926160X,0,2019-7-26
113,20,6.7,659,7,A16648654p,1,2019-5-23
114,25,8.2,1090,0,g13198067H,1,2019-2-3
115,22,7.3,759,5,h19264040s,1,2020-8-28
116,37,7.0,1094,2,Q21899612n,0,2019-1-29
117,21,7.2,924,2,Z16056723j,1,2020-10-13
118,18,7.5,711,19,h78033073n,1,2020-8-17
119,32,7.4,566,5,p66644137l,1,2020-7-10
120,52,7.1,978,3,w38235715t,0,2021-1-22
121,20,7.6,740,6,b32323008o,1,2019-5-4
122,19,7.1,587,7,P12625196c,1,2019-6-13
123,43,7.0,91,14,N13426671f,0,2019-10-21
124,39,7.3,60,17,Z20287984W,0,2020-1-25
125,28,7.0,907,9,Q30212232u,0,2019-3-19
126,40,7.1,46,5,s73804745r,0,2020-2-23
127,41,7.3,788,7,A14167413I,1,2020-9-8
128,21,7.6,990,24,d21181902v,1,2018-12-3
129,43,6.3,40,18,t14675195C,0,2020-2-3
130,18,7.8,32,1,z69573413U,1,2019-11-8
131,25,7.7,7,6,p20843893j,1,2020-2-14
132,31,7.7,916,9,V50572576F,1,2020-10-11
133,24,7.5,1053,12,p46239445l,1,2020-11-16
134,33,7.2,1171,1,j99875339C,0,2019-1-11
135,18,6.9,233,7,e16458903U,1,2020-4-13
136,34,7.8,433,2,U22014952C,1,2020-6-6
137,35,5.9,494,3,g12406618z,1,2019-7-8
138,21,8.0,566,3,l16392071I,1,2020-7-10
139,18,6.0,1141,9,g12505308l,1,2020-12-10
140,39,5.9,1335,8,k48302171r,0,2021-4-25
141,18,7.2,1455,15,l18640598S,1,2018-8-2
142,29,8.3,1305,5,e14585478X,1,2018-9-10
143,41,8.1,1549,4,K70410901D,0,2021-6-21
144,39,7.2,1142,9,F47821730m,1,2020-12-10
145,23,7.4,438,0,T62669559M,1,2020-6-7
146,42,7.9,228,2,v11634732H,0,2019-9-16
147,27,7.0,877,19,E14390831d,1,2020-10-2
148,23,6.5,446,2,j14554299D,1,2019-7-19
149,23,6.7,314,6,Y19888671r,1,2020-5-5
150,18,7.3,831,15,v94107108Q,1,2020-9-18
151,30,8.0,1566,1,E20416962S,1,2018-7-3
152,21,7.9,1006,15,r11190397P,1,2020-11-5
153,25,6.4,424,5,F17253493b,1,2020-6-4
154,52,5.8,1092,5,Z15807055u,0,2021-2-22
155,52,7.9,570,5,P13716017g,0,2020-7-11
156,40,6.3,968,4,N11531942d,0,2021-1-20
157,35,6.7,983,2,W82435917j,0,2019-2-28
158,39,6.1,996,18,L28940247W,0,2019-2-25
159,20,7.4,724,1,s22868328a,1,2020-8-20
160,35,7.0,18,12,j11220212w,0,2020-2-8
161,42,8.4,406,16,G12435056r,0,2019-7-28
162,46,6.7,629,6,J17198077Q,0,2019-5-30
163,24,6.9,1052,8,B11598961x,1,2020-11-16
164,51,6.4,1017,0,P69698841G,0,2020-11-8
165,29,7.1,81,6,D21988012t,0,2020-1-20
166,37,7.0,2031,3,c21918575Q,1,2018-3-2
167,51,7.4,489,26,Y71208551o,0,2020-6-19
168,32,8.5,59,2,M19954847t,0,2020-1-25
169,23,7.4,951,19,n20550472A,1,2020-10-19
170,43,7.8,805,6,K21193500v,0,2020-9-12
171,32,6.7,915,10,N20448331r,1,2019-3-17
172,26,7.9,100,15,Q17453599x,1,2019-12-12
173,31,6.9,813,16,r78412795Z,1,2020-9-14
174,33,8.5,543,4,O57041500y,0,2019-6-23
175,43,6.4,677,5,A12950363s,0,2019-5-19
176,25,7.8,138,20,F14682713E,1,2019-12-21
177,32,6.8,83,6,r87183899a,0,2019-10-23
178,20,8.1,1800,11,A10799217z,1,2018-5-2
179,36,7.6,881,5,p62241551L,1,2020-10-3
180,32,6.2,1087,14,R10720198v,0,2019-2-4
181,46,7.4,1332,0,g18954710n,0,2021-4-24
182,18,6.8,1677,11,a15045723P,1,2018-6-4
183,34,7.2,1022,20,I11876464s,1,2020-11-9
184,37,6.3,1651,1,I95803072C,0,2021-7-18
185,52,7.2,830,18,L18461775G,0,2019-4-10
186,45,7.5,1580,5,k33898502m,0,2021-6-28
187,18,7.6,1116,9,o84259851Z,1,2020-12-4
188,32,7.1,309,10,P19335080G,1,2020-5-4
189,23,7.5,1603,3,P20742165S,1,2018-6-21
190,47,6.7,987,8,R95070536t,0,2020-11-1
191,25,7.2,1115,15,F11390941E,0,2019-1-24
192,18,7.9,317,12,l47827751Q,1,2019-8-22
193,46,6.9,698,0,W11072506A,0,2019-5-14
194,38,7.4,1141,10,i58776884I,0,2019-1-18
195,27,8.1,1005,0,s65392788M,1,2020-11-5
196,18,6.7,1797,23,R20186654M,1,2018-5-3
197,46,6.3,69,12,j10846790D,0,2020-1-23
198,24,8.3,1096,9,Q18933801f,0,2020-11-26
199,27,5.9,881,11,y65210054F,0,2019-3-25
200,25,7.2,519,6,f14932764w,1,2019-7-2
201,24,7.2,489,17,v12337059z,0,2019-7-9
202,31,7.1,898,4,s15875876l,0,2019-3-21
203,24,6.7,1114,8,p13938709C,1,2018-11-1
204,21,7.2,685,10,e13987519A,1,2020-8-11
205,30,7.8,169,4,c34583007V,1,2019-10-3
206,23,6.9,1462,8,i90662050R,1,2018-7-27
207,41,7.3,883,6,j45454774o,0,2020-9-30
208,18,7.0,1189,12,l64863597n,1,2020-12-21
209,38,7.5,561,9,e19194697J,0,2019-6-19
210,48,6.4,933,15,x13715864x,0,2019-3-13
211,32,8.6,2732,14,D20478460t,1,2017-6-3
212,34,6.6,31,8,D11225384R,1,2019-11-23
213,26,6.7,2240,9,X56476318o,1,2018-1-7
214,21,7.3,1053,4,h98042883O,1,2018-11-15
215,47,6.3,1167,23,U30171309d,0,2019-1-12
216,27,7.0,1762,5,S19258810U,1,2018-5-11
217,29,7.1,865,1,T19060671E,0,2020-9-26
218,26,7.7,56,6,L14460460R,1,2019-12-2
219,18,7.7,2902,4,L72094812V,1,2017-4-17
220,31,7.0,181,17,s29083529Z,1,2020-4-1
221,51,7.8,472,12,l16882468E,0,2020-6-15
222,49,6.7,898,20,H10873318L,0,2019-3-21
223,31,8.0,1139,0,G20285906E,0,2021-3-6
224,18,7.8,544,0,l17566551A,1,2020-7-5
225,18,7.9,1574,15,k23279513u,1,2018-7-1
226,35,5.7,1048,20,m82618049H,0,2019-2-13
227,35,7.7,56,6,O19537062P,1,2019-12-2
228,39,8.0,797,0,g14992241h,1,2020-9-10
229,30,7.9,1108,1,x10264984T,1,2020-12-2
230,21,6.4,544,7,i97321884u,1,2020-7-5
231,24,8.2,157,18,y61930986r,1,2020-3-22
232,45,7.0,1030,4,N20759957G,0,2019-2-17
233,33,7.8,847,11,N19417859A,1,2019-4-6
234,42,6.4,979,15,m21298037T,0,2019-2-29
235,19,8.6,306,26,f81191498U,1,2020-5-3
236,41,7.4,1037,1,o59737372y,0,2021-2-9
237,33,7.6,685,13,a12724295V,0,2020-8-11
238,36,7.1,416,2,I36081817s,1,2020-6-2
239,32,7.0,1566,9,t99505432D,1,2018-7-3
240,51,6.5,391,11,H12332899Z,0,2019-8-5
241,28,7.1,1232,3,Q55485333a,1,2018-9-27
242,35,7.1,1571,1,h11774337V,0,2021-6-26
243,29,7.8,1023,5,Y63631329w,1,2018-11-22
244,44,7.2,259,22,P14848759v,0,2019-9-9
245,25,6.7,604,6,B49937809r,1,2019-6-9
246,37,6.8,1026,2,D18740116R,0,2019-2-18
247,20,7.1,464,8,X20702695D,1,2020-6-13
248,31,7.9,994,22,P11655479V,1,2020-10-29
249,45,6.7,1233,15,T27222056a,0,2021-3-28
250,32,6.2,502,0,i12094352f,0,2020-6-22
251,42,7.6,522,0,M65652202m,0,2019-6-28
252,34,6.9,1082,12,u10756490o,0,2019-2-5
253,41,7.6,1731,0,A10158680S,0,2018-5-18
254,48,6.5,283,10,Q21779822y,0,2019-8-30
255,46,7.5,36,13,S14608011k,0,2019-11-24
256,18,8.1,609,0,w29445277M,1,2020-7-20
257,48,6.4,314,1,a21936409H,0,2019-8-23
258,18,7.6,907,11,W12764643p,1,2020-10-9
259,31,8.5,301,22,q18527564z,1,2020-5-2
260,26,7.6,284,2,D20846475T,1,2019-9-3
261,46,7.0,1699,10,X18462490W,0,2021-7-29
262,35,8.1,317,23,o33491967z,0,2019-8-22
263,30,7.6,903,5,z17333620y,1,2020-10-8
264,27,8.0,1557,0,U29252404T,1,2018-7-5
265,46,6.2,1146,0,V57947150M,0,2019-1-17
266,43,7.3,100,4,k38152273H,0,2019-10-19
267,31,7.4,2235,1,n11084515p,1,2018-1-8
268,42,7.2,523,18,G10142730X,0,2019-7-1
269,32,5.9,1018,5,P12191274z,0,2019-2-20
270,40,6.0,232,6,l10063076G,0,2020-4-13
271,20,5.9,1612,0,J22829087s,1,2021-7-9
272,40,7.5,765,3,X45977643S,0,2019-4-25
273,27,7.5,451,4,w15018431g,1,2020-6-10
274,20,7.0,903,8,d14120509N,1,2020-10-8
275,52,7.2,228,10,q14737880i,0,2019-9-16
276,21,6.9,1847,6,L20833497L,1,2018-4-18
277,33,6.4,41,7,p22071746e,0,2020-2-22
278,37,7.6,161,9,S15908027r,0,2020-3-23
279,30,7.8,907,6,r22388093o,1,2018-12-22
280,28,7.4,1142,11,v34639376B,1,2020-12-10
281,51,7.8,1439,7,L20143020x,0,2021-5-22
282,21,7.1,44,9,c99602800H,1,2020-2-2
283,27,6.6,876,20,c64618966D,1,2020-10-2
284,26,8.0,1112,9,u11233539B,1,2018-10-28
285,19,7.2,642,5,c67810287E,1,2020-8-1
286,24,6.9,1954,2,K78430387W,1,2021-10-8
287,25,7.5,1872,7,v15509256F,1,2018-4-12
288,32,7.7,514,12,A15852316l,1,2019-7-3
289,30,8.4,68,9,B17974503t,0,2020-2-28
290,51,7.7,1098,8,L47971192b,0,2019-1-28
291,24,7.6,2112,11,k12932078x,1,2018-2-10
292,48,7.4,839,1,y82084013A,0,2019-4-8
293,51,6.7,983,4,L22845485l,0,2019-2-28
294,40,6.6,408,3,S54202601l,0,2020-5-27
295,40,6.8,1877,4,V18659457k,0,2021-9-17
296,35,6.6,446,8,a17897653b,0,2019-7-19
297,52,7.3,433,0,e95100441g,0,2019-7-22
298,23,7.1,9,5,K52453134G,1,2020-2-10
299,38,5.8,480,10,Q17074152Z,0,2020-6-17
300,29,7.2,1332,15,e17794149H,0,2021-4-24
301,18,8.1,805,5,F10005294s,1,2020-9-12
302,24,8.4,612,21,I18055540v,1,2019-6-7
303,42,7.1,1000,15,a13478333p,0,2019-2-24
304,50,7.2,1141,4,w76440437F,0,2019-1-18
305,23,8.7,1224,1,u15075180E,1,2018-10-2
306,36,6.2,885,17,J23002293M,0,2020-10-4
307,23,7.7,378,1,R20021940s,1,2019-8-8
308,43,6.6,859,0,j28752077y,0,2019-3-30
309,18,7.6,153,7,I15465810s,1,2020-3-21
310,25,6.9,1120,20,r32865368z,1,2020-12-5
311,34,5.6,31,6,Y10666844G,0,2019-11-23
312,27,7.0,1677,5,z10102255I,1,2018-6-4
313,52,7.3,1114,13,B11680646G,0,2021-2-27
314,31,6.7,1074,5,m10396671O,0,2019-2-7
315,45,7.7,185,11,g20806423n,0,2019-9-26
316,34,5.6,1034,0,v17165377c,1,2020-11-12
317,20,6.8,1856,5,Z24857323v,1,2018-4-16
318,26,7.3,2667,1,Q16741106E,1,2017-6-18
319,28,7.2,1211,5,R61177911U,1,2020-12-26
320,23,6.8,100,12,A66710243b,1,2019-10-19
321,18,7.4,335,14,u17551179i,1,2019-8-18
322,32,7.6,1787,0,c91362948i,1,2018-5-5
323,33,8.0,1021,9,Q16258550R,0,2019-2-19
324,33,8.1,507,8,z44356531e,1,2020-6-23
325,46,6.6,783,2,U47234196b,0,2019-4-21
326,20,6.5,1656,11,v10921497P,1,2018-6-9
327,40,8.7,2085,11,x11338611G,0,2018-2-16
328,50,7.6,1793,10,B42518189M,0,2021-8-24
329,32,6.7,1005,3,n17096944M,1,2020-11-5
330,29,7.9,1089,2,h38383395a,0,2019-1-30
331,20,7.2,1155,6,C94221017T,1,2020-12-13
332,39,6.8,1164,9,M15208084K,0,2021-3-12
333,26,8.6,1718,14,n14072202e,1,2018-5-21
334,43,7.4,165,3,Y11885049p,0,2020-3-24
335,18,6.6,1176,2,T17130752E,1,2019-1-10
336,25,5.6,1515,2,o11749796y,1,2018-7-15
337,23,8.6,1079,0,A44624896C,1,2020-11-22
338,28,8.8,294,15,w88586202A,1,2020-4-27
339,26,6.6,1638,8,f33554826R,0,2021-7-15
340,30,7.1,1532,1,Y72504286C,1,2018-7-11
341,22,7.0,437,5,K71012594V,1,2019-7-21
342,38,6.0,1109,1,c22428331E,0,2021-2-26
343,40,7.6,1004,6,v50860323x,0,2019-2-23
344,49,7.3,1634,7,J31385971l,0,2021-7-14
345,45,6.6,868,7,h17568337R,0,2019-3-28
346,46,7.4,407,9,r84835416M,0,2019-7-28
347,42,8.2,1767,14,l17188711R,0,2021-8-18
348,26,7.3,733,2,L95085296V,1,2020-8-22
349,40,7.8,740,17,U22068116x,0,2019-5-4
350,34,6.4,988,2,C18399154S,0,2019-2-27
351,19,7.9,660,4,e69347460H,1,2020-8-5
352,18,7.2,1014,5,C59349152I,1,2020-11-7
353,46,7.8,232,2,w69188642Q,0,2019-9-15
354,33,6.1,2856,0,Q34652825P,0,2022-8-27
355,41,6.7,455,14,E88391462J,0,2019-7-17
356,30,7.1,330,5,g19961719S,1,2019-8-19
357,44,7.3,1443,22,f22114189T,0,2021-5-23
358,22,7.9,2044,7,D27391474q,1,2021-11-2
359,33,7.9,565,13,k19589385n,1,2019-6-18
360,25,8.0,15,6,F20861397h,1,2019-11-12
361,39,7.2,659,5,v12100859K,0,2019-5-23
362,34,6.7,783,0,N48795108p,0,2019-4-21
363,50,8.3,13,4,j13346865F,0,2020-2-9
364,40,6.6,685,13,D77574453e,0,2019-5-17
365,46,7.1,356,12,L11464244M,0,2019-8-13
366,45,7.3,736,10,n14576576H,0,2019-5-5
367,44,6.9,1193,10,I10834317h,0,2020-12-22
368,39,8.6,1345,10,a22230021I,0,2021-4-27
369,42,7.4,763,0,B14199776Z,0,2020-8-29
370,40,7.2,1460,21,N11127843l,0,2021-5-27
371,46,7.4,1141,13,b11466944q,0,2019-1-18
372,32,7.6,2077,3,q19280358V,1,2018-2-18
373,38,7.2,402,1,Z35380347Z,0,2019-7-29
374,29,7.8,369,0,J13821197N,0,2019-8-10
375,30,6.6,1668,0,O75858338U,1,2018-6-6
376,38,6.8,1088,0,W17416818N,0,2021-2-21
377,26,8.1,805,8,T81169473U,1,2020-9-12
378,51,6.9,1323,19,o22183540M,0,2021-4-22
379,19,6.2,1233,15,G27578667g,1,2018-9-27
380,47,7.5,1293,12,Q16028073T,0,2021-4-15
381,33,6.9,651,6,x39992527Y,1,2020-8-3
382,31,7.1,1690,7,G19869099j,1,2018-6-1
383,47,6.9,1106,6,E40157629V,0,2021-2-25
384,24,8.1,1381,6,u14103394C,1,2018-8-19
385,31,6.7,357,17,C70577269a,0,2020-5-15
386,42,6.5,574,5,X21892588L,0,2019-6-16
387,26,5.5,971,1,c14129909C,1,2020-10-24
388,44,7.7,513,21,S20058307X,0,2019-6-30
389,28,6.4,416,9,e12982390b,1,2020-6-2
390,19,7.0,1514,5,y14051668h,1,2018-7-15
391,43,6.5,229,2,h12377919G,0,2019-9-16
392,30,7.3,575,2,Z19564880w,1,2020-7-12
393,34,6.8,1216,2,H20626576U,1,2018-10-4
394,35,6.1,400,14,G14511236D,1,2019-8-3
395,40,7.5,446,24,H53279038r,1,2020-6-9
396,26,7.0,2946,9,C89478547h,1,2017-4-7
397,22,7.2,224,11,f94739969T,1,2020-4-11
398,20,7.7,586,3,r80378728i,1,2019-6-13
399,22,8.4,1261,3,K18743936P,1,2018-9-20
400,21,7.4,309,9,R13297906h,1,2020-5-4
401,46,7.6,1545,18,t12591082P,0,2021-6-20
402,29,7.4,1702,7,H97122617o,1,2021-8-3
403,43,7.3,330,6,b17163338a,0,2019-8-19
404,19,6.7,194,2,t92111931G,1,2020-4-4
405,41,6.1,383,2,j11995538F,0,2019-8-7
406,32,7.6,2830,9,b49181045y,1,2017-5-7
407,43,6.9,744,10,O87437843S,0,2019-4-30
408,36,8.0,588,23,W26876173e,1,2020-7-15
409,35,7.4,1558,10,D16791391H,0,2021-6-23
410,18,8.1,377,15,K21021214g,1,2019-8-8
411,24,6.8,761,1,o64981425J,1,2020-9-2
412,38,7.2,540,3,Q92464127z,0,2020-7-4
413,48,7.4,889,20,v29510142K,0,2019-3-23
414,31,7.7,591,4,f13634606r,1,2020-7-16
415,36,6.2,309,9,N18495901m,0,2020-5-4
416,24,6.6,433,11,A12083929k,1,2020-6-6
417,50,7.7,995,12,A83891344A,0,2021-1-26
418,31,6.9,62,0,a50326527k,0,2019-11-30
419,52,7.8,1021,3,v66711479P,0,2019-2-19
420,18,7.0,934,4,Z13171831n,1,2018-12-16
421,28,7.9,758,26,a92024608t,1,2020-9-1
422,19,7.6,1988,25,H14978148s,1,2018-3-12
423,49,6.2,99,17,e18890847s,0,2020-1-16
424,52,6.5,1007,0,N72112462E,0,2021-1-29
425,34,6.6,689,1,o10085235W,1,2020-8-12
426,48,7.2,168,6,O67913433E,0,2019-9-30
427,37,6.8,770,6,U17923359E,0,2019-4-24
428,38,7.2,60,2,q46944435t,0,2020-1-25
429,51,6.8,1107,11,Z14725953M,0,2019-1-26
430,19,7.3,997,9,x15382165z,1,2020-11-3
431,28,7.3,770,15,f18781843F,1,2020-9-4
432,50,6.6,129,8,i35917582R,0,2020-1-9
433,43,7.0,770,3,h20689175p,0,2019-4-24
434,49,6.5,843,12,Z21397376Z,0,2019-4-7
435,29,7.7,1638,7,q70638505v,1,2018-6-13
436,52,6.9,1197,11,k17599052W,0,2019-1-5
437,43,7.6,1369,4,K14254959R,0,2021-5-6
438,22,7.2,84,6,N55321950X,1,2020-3-5
439,26,6.7,1091,23,f16702126W,1,2020-11-25
440,43,7.1,138,14,e90415339O,0,2020-1-7
441,35,7.4,586,5,Q22382731q,1,2019-6-13
442,36,6.5,531,6,S13005414X,0,2019-6-26
443,38,7.2,1048,7,r69185636d,1,2020-11-15
444,45,7.2,18,11,K22310033L,0,2020-2-8
445,22,5.6,604,14,R16610632f,1,2020-7-19
446,21,8.0,992,9,z17389205c,1,2020-11-2
447,27,7.5,988,6,U55425337P,1,2020-11-1
448,23,8.3,522,18,u17912215e,1,2019-6-28
449,39,6.3,518,11,v74161084e,0,2019-6-29
450,36,6.5,980,4,V60501674b,0,2020-10-26
451,25,7.9,723,8,y91066912k,1,2019-5-8
452,30,7.0,1497,13,N14790114V,1,2018-7-19
453,32,7.4,343,17,d11562036v,1,2019-8-16
454,28,5.5,352,11,t58507314r,1,2020-5-14
455,18,6.8,988,14,f16099745L,1,2020-11-1
456,25,7.7,1190,4,h18012173X,1,2018-10-10
457,18,8.3,523,19,C49909275D,1,2019-7-1
458,38,6.8,1814,0,z40970698T,0,2021-8-29
459,32,7.4,1146,3,A20209065k,1,2020-12-11
460,46,5.9,68,2,d22361855Z,0,2019-12-5
461,40,6.9,540,15,S21662334o,0,2020-7-4
462,43,5.9,753,11,s21813228l,0,2019-4-28
463,41,7.9,843,4,a21928486a,0,2019-4-7
464,43,7.0,574,14,g32676567d,0,2019-6-16
465,46,7.2,955,7,D31998257Y,0,2018-12-11
466,26,7.4,1544,21,H12706679f,1,2018-7-8
467,23,7.4,992,2,L70000610K,1,2020-11-2
468,31,7.6,1018,14,R79108531H,1,2020-11-8
469,41,7.2,876,25,e12829146z,0,2019-3-26
470,28,7.0,378,6,C17825665C,0,2019-8-8
471,18,7.4,1438,6,I13002341Y,1,2018-8-6
472,20,7.5,869,1,J59788712g,1,2019-4-1
473,25,8.5,349,13,B71144650c,1,2020-5-13
474,18,7.2,1855,9,o22795223a,1,2018-4-16
475,44,8.5,1077,7,a97123879F,0,2019-2-6
476,52,6.2,1642,21,U38509388G,0,2021-7-16
477,40,5.9,1000,18,j13745264y,1,2020-11-4
478,25,7.3,1395,8,w12620115v,1,2018-8-16
479,33,7.5,964,7,R12271569B,1,2018-12-9
480,38,7.4,1193,7,f19700921X,0,2019-1-6
481,43,7.3,1169,0,H80204306a,0,2021-3-13
482,25,6.5,1048,11,m59801397r,1,2020-11-15
483,38,8.2,50,0,E96577827r,0,2020-1-27
484,43,7.2,1165,6,G67780056R,0,2021-3-12
485,46,8.0,765,3,w11351830p,0,2019-4-25
486,47,5.7,301,9,d87372814k,0,2019-8-26
487,35,8.5,1950,19,L19793544k,1,2021-10-7
488,24,8.0,241,5,o63248383V,1,2019-9-13
489,30,6.9,114,4,T19835641u,1,2020-3-12
490,32,7.7,876,20,p49818181x,0,2019-3-26
491,44,7.8,1013,1,r83028852q,0,2019-2-21
492,35,7.3,1345,15,N18842233O,0,2021-4-27
493,32,6.5,507,12,O33198460G,1,2019-7-5
494,35,7.7,360,8,C19414192K,1,2019-8-12
495,49,7.9,991,13,c23893717x,0,2021-1-25
496,40,5.4,1468,8,j22178905H,0,2021-5-29
497,18,7.4,2240,27,J40165883p,1,2018-1-7
498,18,7.4,1194,8,E19410649v,1,2020-12-22
499,34,7.1,1340,5,D81264775o,0,2021-4-26
500,31,9.2,882,17,M32628653s,1,2020-10-3
501,22,7.9,208,13,w21963875d,1,2020-4-7
502,37,6.5,1052,7,D48725885P,0,2019-2-12
503,32,7.6,1220,1,v22285929L,1,2018-10-3
504,18,7.4,112,11,q15892641D,1,2019-12-15
505,33,7.1,578,20,L20463376Y,0,2020-7-13
506,37,7.2,146,7,P46164292a,1,2020-1-5
507,44,6.4,1468,4,C39670394c,0,2021-5-29
508,44,7.6,1358,5,o22910799t,0,2021-4-30
509,28,7.1,1139,12,Z67767913g,0,2021-3-6
510,27,7.2,1181,2,m13858202s,1,2020-12-19
511,46,7.1,2264,0,o13448969H,0,2022-3-23
512,30,7.0,1152,13,f12691193a,0,2021-3-9
513,18,8.0,1218,7,R73350943l,1,2018-9-30
514,32,8.0,1036,5,h14961743q,1,2018-11-19
515,21,7.5,805,10,h14757057Y,1,2020-9-12
516,50,6.1,1114,5,H20869969T,0,2021-2-27
517,52,6.8,1182,22,b58115801X,0,2021-3-16
518,41,8.6,1704,6,l13379697k,0,2021-7-30
519,47,6.0,1557,17,A46782974z,0,2021-6-23
520,18,7.1,861,6,e12810602o,1,2020-9-25
521,41,7.2,77,2,l97233386s,0,2020-1-21
522,41,6.1,737,5,F21628510d,0,2019-5-5
523,24,6.9,809,4,u50042645l,1,2020-9-13
524,52,6.9,2245,6,n13240734N,0,2018-1-6
525,21,7.4,809,9,I18480395E,1,2020-9-13
526,43,7.7,1008,10,X70005855U,0,2019-2-22
527,35,6.7,1090,16,N10465533x,0,2019-1-30
528,24,7.0,506,1,v21688899j,1,2019-7-5
529,35,6.9,990,4,n20008596f,1,2018-12-3
530,29,7.5,118,0,p68453308Y,1,2020-3-13
531,37,6.2,1062,8,c22786611X,0,2021-2-15
532,30,6.9,1013,3,q39102001q,1,2020-11-7
533,44,6.4,634,2,o11065431f,0,2020-7-26
534,40,7.5,787,18,F34222952b,0,2019-4-20
535,38,7.5,3128,4,r69131616H,1,2017-2-18
536,22,6.7,835,7,O16493527R,1,2020-9-19
537,36,7.1,1061,17,s21873895K,0,2019-2-10
538,26,7.1,515,2,L18812572O,1,2019-7-3
539,33,6.4,977,18,j10315371Z,0,2021-1-22
540,38,7.7,1100,11,U20991683e,0,2020-11-27
541,26,5.9,1673,7,D10423368j,1,2018-6-5
542,39,9.4,1359,5,j95774308V,0,2021-4-30
543,37,7.2,433,10,j22968333N,1,2020-6-6
544,52,5.9,441,13,b48715312A,0,2020-6-8
545,23,6.7,757,12,t13584627C,1,2020-9-1
546,30,6.7,485,23,o58543171M,1,2020-6-18
547,29,7.8,178,16,H13709385W,1,2019-10-1
548,39,7.4,369,15,f40227876q,0,2019-8-10
549,33,7.9,1296,10,i63271509r,1,2018-9-12
550,39,7.6,2267,15,t99128185M,0,2021-12-27
551,22,7.2,711,1,K92791334E,1,2019-5-11
552,32,8.0,529,4,y20040871w,0,2020-6-28
553,44,6.5,1031,16,q12346656o,0,2019-2-17
554,19,5.9,467,15,n67061610D,1,2020-6-14
555,31,5.7,215,1,W62839233l,1,2020-4-9
556,20,6.8,216,18,M45484875U,1,2020-4-9
557,24,8.0,1074,18,N88679667t,1,2020-11-21
558,24,8.2,562,5,U18030785c,1,2020-7-9
559,39,7.5,791,8,B74141088T,0,2019-4-19
560,35,6.9,920,3,T33851908z,0,2019-3-16
561,25,8.1,204,22,K47096779I,1,2020-4-6
562,31,7.1,805,6,D80551141T,1,2020-9-12
563,32,6.8,237,22,J13456084X,1,2019-9-14
564,18,6.6,1182,8,u37043677V,1,2018-10-12
565,38,7.5,652,10,L10768088y,0,2020-7-30
566,31,6.5,224,27,U15133081Q,1,2020-4-11
567,32,6.7,50,0,l63286631B,0,2020-2-24
568,35,7.1,651,2,t22588491l,1,2020-8-3
569,42,6.5,702,5,D13043900E,0,2019-5-13
570,26,6.6,1013,11,F66633614u,1,2020-11-7
571,47,7.5,1171,8,G55055723T,0,2019-1-11
572,25,7.5,1142,5,J19345091M,1,2020-12-10
573,46,6.4,915,1,N59992198P,0,2019-3-17
574,32,7.4,87,7,d46078800u,0,2019-10-22
575,36,7.5,919,3,N11236083I,0,2019-3-16
576,24,6.0,232,25,R22804983g,1,2020-4-13
577,35,6.2,86,9,T73177223J,0,2019-12-9
578,26,7.8,395,12,k37382150Z,1,2019-8-4
579,35,7.5,418,4,s85622458u,0,2020-5-29
580,45,7.3,787,2,V34228609s,0,2019-4-20
581,29,8.3,2002,27,B10378780j,1,2017-12-12
582,45,5.9,1211,19,t74396611O,0,2019-1-2
583,45,7.0,856,2,y17885911e,0,2020-9-24
584,46,7.0,352,6,S11558713W,0,2019-8-14
585,32,7.7,671,23,K51099284c,0,2019-5-20
586,45,7.2,1107,6,f49743232W,0,2019-1-26
587,29,6.9,1916,20,e48652310h,1,2018-4-2
588,28,7.0,291,8,Z53527020q,1,2019-8-28
589,52,6.6,344,8,D10363535Q,0,2019-8-16
590,28,7.7,2009,6,Q13700490K,1,2018-3-7
591,25,7.5,212,0,k26582173Q,1,2020-4-8
592,40,7.6,524,2,l19679560b,0,2020-6-27
593,18,8.1,1142,11,i14567034i,1,2020-12-10
594,52,8.1,3134,6,W15106382a,0,2022-11-11
595,23,7.2,1181,2,h16069033T,1,2020-12-19
596,43,7.1,15,23,J47574952l,0,2019-11-12
597,26,7.1,134,1,V16663396t,1,2019-12-20
598,25,7.1,314,7,C68845296k,1,2020-5-5
599,41,7.4,340,0,c45269402p,1,2020-5-11
600,27,7.3,103,14,L11878126E,1,2020-1-15
601,34,6.3,540,2,o17414266G,0,2019-6-24
602,18,7.5,44,0,b48947046i,1,2020-2-2
603,22,7.5,485,3,z15514609o,1,2020-6-18
604,44,6.9,796,13,K22119351M,0,2019-4-18
605,34,6.6,757,5,F14230452X,1,2020-9-1
606,39,7.8,1711,11,L35123779D,0,2021-8-5
607,44,6.9,987,7,f18276486L,0,2019-2-27
608,31,6.9,989,22,J13986824O,0,2020-10-28
609,24,7.1,903,1,Y34689635I,1,2020-10-8
610,18,6.9,468,7,Q32940790p,1,2020-6-14
611,18,7.1,1779,9,K10047315B,1,2018-5-7
612,21,6.5,980,14,V71364593B,1,2019-3-2
613,30,6.8,2240,8,t14630675q,1,2018-1-7
614,39,7.3,1399,8,T52586073X,0,2021-5-13
615,36,7.9,1200,4,s86542887T,0,2021-3-20
616,35,6.6,1159,13,H22481997u,1,2020-12-14
617,41,8.1,1345,7,n76272995b,0,2021-4-27
618,28,7.2,1128,6,Q16643160H,0,2019-1-21
619,46,7.4,987,2,C11301963B,0,2019-2-27
620,30,6.6,890,18,q20997735K,1,2020-10-5
621,48,7.7,1009,6,c24412550E,0,2019-2-22
622,38,6.4,664,3,j12880392O,0,2019-5-22
623,25,6.0,1030,12,z19506506l,1,2020-11-11
624,44,7.4,655,5,M22330946Q,0,2019-5-24
625,27,6.7,113,8,B18316271I,1,2020-3-12
626,18,7.1,587,3,V13466164l,1,2019-6-13
627,34,8.4,430,9,F22456043q,1,2020-6-5
628,41,8.5,29,0,u58242129a,0,2020-2-19
629,42,7.1,514,18,r22392621K,0,2019-6-30
630,39,7.3,1154,16,B76491049T,0,2019-1-15
631,28,8.3,951,12,O16257028w,1,2020-10-19
632,44,7.9,1302,8,F17263774E,0,2021-4-17
633,35,6.9,56,0,Q42467806E,1,2019-12-2
634,19,6.4,348,14,s10929045s,1,2019-8-15
635,45,7.6,255,19,H20373430O,0,2020-4-18
636,31,7.1,783,15,s21770000B,1,2020-9-7
637,40,7.4,562,8,m19096410D,1,2020-7-9
638,36,6.5,1425,3,O30716182z,0,2021-5-19
639,20,6.4,1128,14,b10979340y,1,2020-12-7
640,49,7.7,999,7,c92308208l,0,2021-1-27
641,28,7.0,1127,24,o21939688j,0,2021-2-30
642,33,6.7,18,0,X28829398v,0,2020-2-8
643,41,6.9,468,4,z67053739U,0,2020-6-14
644,44,7.5,1684,3,S80872282t,0,2018-5-29
645,43,6.8,28,2,h10804497N,0,2019-11-9
646,41,7.4,894,18,n12640885E,0,2020-10-6
647,18,8.0,736,11,S47027752N,1,2019-5-5
648,21,6.8,1310,6,n18751966C,1,2018-9-9
649,40,6.1,1155,8,I18416480n,0,2021-3-10
650,39,7.0,685,1,V18900449D,1,2020-8-11
651,50,7.3,999,7,s85133077W,0,2021-1-27
652,43,6.3,859,2,v21949475C,0,2019-3-30
653,37,7.0,1060,17,C16394809q,0,2019-2-10
654,39,7.6,407,11,Z73113609r,0,2019-7-28
655,29,6.9,1111,9,B19132303T,1,2020-12-3
656,25,6.6,361,10,C20381748X,1,2019-8-12
657,27,7.0,995,6,u62783212T,0,2019-2-25
658,33,6.5,1579,14,i75457865d,0,2021-6-28
659,48,6.8,1111,16,f21607126P,0,2019-1-25
660,32,6.9,215,1,N19599632T,1,2019-9-19
661,35,6.6,1107,18,X73782803j,1,2020-12-2
662,33,7.7,1142,14,o19971401Y,1,2020-12-10
663,19,6.6,1036,2,h18413729d,1,2018-11-19
664,52,6.7,996,0,g15568921P,0,2019-2-25
665,35,7.1,565,5,J17356530Y,0,2019-6-18
666,23,6.2,984,9,r18991468O,1,2019-3-1
667,49,6.2,848,21,M47045568o,0,2019-4-6
668,34,8.9,19,1,m57474244T,1,2019-11-20
669,39,7.7,281,16,T12320970t,0,2020-4-24
670,44,6.5,915,1,L11563518v,0,2019-3-17
671,27,7.2,1416,17,t20255098Z,1,2018-8-11
672,29,7.3,156,12,F21168185X,1,2019-10-6
673,43,7.5,11,3,z15418380p,0,2020-2-15
674,49,7.0,59,5,t14975677B,0,2020-2-26
675,44,6.6,1000,2,h49853059T,0,2019-2-24
676,18,8.3,1079,26,K15375670t,1,2020-11-22
677,42,7.3,1358,4,m90346858g,0,2021-4-30
678,42,7.6,202,6,X64543187C,0,2019-9-22
679,32,6.7,1584,14,q23634241O,0,2021-6-29
680,38,6.0,540,7,g79688758f,0,2019-6-24
681,18,7.7,118,12,a10271938Z,1,2020-3-13
682,31,7.0,1216,4,h91855943O,1,2018-10-4
683,29,7.8,82,9,P11168170e,1,2019-12-8
684,32,8.0,1365,19,M50112241R,0,2021-5-5
685,30,7.0,894,0,r12934172Q,1,2020-10-6
686,37,7.3,1575,19,K65743797U,0,2021-6-27
687,18,7.5,1651,0,J12345900P,1,2018-6-10
688,52,7.8,302,13,O13812657a,0,2020-4-29
689,34,7.1,1176,16,p46023922T,1,2020-12-18
690,24,7.4,775,19,m18368986x,1,2020-9-5
691,33,8.1,1492,15,s51951820R,1,2018-7-20
692,44,7.5,757,1,J10999844Z,0,2019-4-27
693,26,6.5,881,4,M16373644P,1,2020-10-3
694,48,6.2,805,9,T17820621j,0,2019-4-16
695,23,6.8,83,12,u75545677s,1,2020-3-5
696,23,6.8,2348,19,Q18835050F,1,2017-9-12
697,31,7.3,44,0,H10819108O,0,2020-2-2
698,43,6.9,587,0,s11933359C,0,2019-6-13
699,32,6.4,1284,2,h36248006v,1,2018-9-15
700,37,7.1,766,0,U56465695Q,1,2020-9-3
701,29,7.6,1655,11,R95119368t,1,2018-6-9
702,46,7.3,706,6,B15912600b,0,2019-5-12
703,25,8.2,566,11,O22242220J,1,2020-7-10
704,34,6.2,1267,12,s12242284y,1,2018-9-19
705,52,7.4,1562,3,b11511677x,0,2021-6-24
706,36,7.7,1843,9,v19424219k,0,2021-9-9
707,50,7.3,774,20,q16948359s,0,2019-4-23
708,39,6.8,1488,5,Z59811987P,0,2021-6-7
709,40,7.2,398,11,V61587224Y,0,2019-7-30
710,31,7.3,754,21,t21766209R,0,2020-8-27
711,39,7.4,843,15,g32505201i,0,2019-4-7
712,42,7.1,291,3,l15031778d,0,2019-8-28
713,49,6.8,1647,11,R11618363u,0,2021-7-17
714,52,6.5,122,3,j27178140S,0,2019-10-14
715,30,6.3,1005,5,p37042892X,1,2020-11-5
716,18,8.6,1125,3,J77349865w,1,2020-12-6
717,29,6.9,561,3,M20659935w,1,2020-7-9
718,31,7.8,2104,20,p76940571n,1,2017-11-15
719,44,5.7,1553,8,v46980012O,0,2021-6-22
720,32,6.4,77,11,f88611501b,1,2019-12-7
721,22,7.4,2031,27,O12603389F,1,2018-3-2
722,44,6.5,1000,6,U50015476H,1,2020-11-4
723,33,7.2,172,5,B21446773v,0,2019-9-29
724,33,7.8,889,5,B12390609g,0,2019-3-23
725,41,6.6,513,4,A10614552w,0,2019-6-30
726,18,7.9,976,7,r13113993E,1,2020-10-25
727,18,7.5,1109,25,n14629356M,1,2020-11-29
728,18,7.7,1014,7,Z54567691h,1,2020-11-7
729,32,6.8,2018,13,V21835393O,1,2018-3-5
730,47,7.2,996,16,R15463825b,0,2019-2-25
731,45,7.4,522,10,K65733799G,0,2019-6-28
732,25,7.4,438,5,w15636034o,1,2020-6-7
733,31,6.9,1062,3,A76691652Y,0,2021-2-15
734,32,7.9,642,0,J21256551U,1,2020-8-1
735,27,7.5,599,12,f62798211A,1,2019-6-10
736,29,7.3,809,14,z16648176g,1,2020-9-13
737,41,7.6,463,4,S73426898u,0,2019-7-15
738,42,6.8,60,7,k33890248R,0,2020-1-25
739,32,8.5,1446,4,G15907581o,1,2018-8-4
740,18,8.9,115,14,L63803663V,1,2020-3-12
741,18,8.0,881,4,Z22187525K,1,2020-10-3
742,18,7.1,2109,4,E10810608d,1,2017-11-14
743,41,6.7,1176,4,O65335505q,0,2019-1-10
744,23,8.2,405,0,q10109788N,1,2020-5-26
745,37,7.6,936,5,c13280425T,0,2019-3-12
746,34,7.8,1289,16,t17822588B,0,2021-4-14
747,45,6.6,1127,2,b12768126Z,0,2021-2-30
748,24,7.7,85,4,P16977368U,1,2020-1-19
749,25,8.0,1117,0,s22113533E,1,2018-10-27
750,38,7.3,1566,5,p11594953m,1,2018-7-3
751,19,8.3,377,5,j67598908k,1,2019-8-8
752,23,7.1,1066,11,b82762819M,1,2020-11-19
753,41,6.6,1225,15,o38226921g,0,2021-3-26
754,42,7.4,1193,10,a12230478W,0,2019-1-6
755,33,7.5,805,15,u34545364q,1,2020-9-12
756,32,7.6,386,6,k10427315C,1,2019-8-6
757,35,7.6,921,1,g21447911n,1,2018-12-19
758,18,7.2,1040,2,x92508527m,1,2020-11-13
759,34,7.8,952,7,W16867702b,0,2021-1-16
760,37,7.6,561,3,u17409362F,0,2020-7-9
761,47,6.3,127,7,C11929377K,0,2019-10-13
762,40,6.6,1591,2,r22226502s,0,2018-6-24
763,35,6.2,702,0,R11623684q,1,2020-8-15
764,44,8.0,978,16,x14347125k,0,2019-2-29
765,27,7.5,1808,17,z49892600K,0,2021-9-1
766,47,6.4,1190,5,V37065159A,0,2021-3-18
767,32,7.4,121,6,h12251744w,1,2019-10-14
768,49,7.5,81,13,w21167121o,0,2020-1-20
769,22,8.1,254,18,n14566961T,1,2019-9-10
770,23,7.0,1065,8,v32226329B,1,2020-11-19
771,49,7.0,1796,8,h17939015w,0,2021-8-25
772,29,7.2,779,8,p22326598T,1,2020-9-6
773,23,6.8,1044,0,r36525588m,1,2020-11-14
774,45,6.8,1238,0,W10453891A,0,2021-3-29
775,38,7.2,1395,1,h13215346v,0,2021-5-12
776,19,8.1,2156,10,C73231798U,1,2017-11-3
777,22,8.4,91,4,f57293024E,1,2019-12-10
778,23,7.4,1271,1,i13028810c,1,2018-9-18
779,21,7.5,1112,1,H11123030u,1,2020-12-3
780,38,6.2,1250,15,m18517575d,0,2018-9-23
781,35,7.0,979,10,K20048000f,0,2019-2-29
782,36,7.0,907,1,Y78741895U,0,2019-3-19
783,27,7.8,2222,14,s10409715B,1,2018-1-11
784,25,6.7,1092,7,Z19851074W,0,2021-2-22
785,28,6.8,885,10,Q10530727Q,1,2020-10-4
786,28,7.3,1087,1,K15959599B,1,2020-11-24
787,43,7.7,1089,8,W89383301E,0,2019-1-30
788,41,6.5,1100,7,B10222739p,0,2019-2-1
789,19,6.6,890,9,Y17658403x,1,2020-10-5
790,34,7.4,135,2,o16571425v,1,2020-3-17
791,18,7.5,1062,12,q61377126P,1,2018-11-13
792,30,5.9,839,4,h13274089l,0,2019-4-8
793,26,8.0,507,0,h11686142x,1,2020-6-23
794,29,6.2,1382,0,k20295345f,1,2018-8-19
795,34,6.4,1066,12,m22583337I,0,2021-2-16
796,37,8.2,58,2,f16405830y,0,2019-11-2
797,51,7.6,180,3,M13327466Y,0,2019-9-27
798,32,7.1,881,0,W89459355p,1,2020-10-3
799,39,7.3,126,21,a53743615f,1,2019-10-13
800,35,7.0,1150,11,K95238322e,0,2019-1-16
801,28,6.8,527,7,y84854461r,1,2020-7-1
802,41,7.7,313,2,J24614341A,0,2019-8-23
803,37,8.0,339,7,U12566097r,0,2019-8-17
804,31,8.2,425,6,Z19361303a,1,2020-6-4
805,41,6.1,770,2,S10241891s,0,2019-4-24
806,33,7.1,1105,3,V19228765I,1,2018-11-3
807,30,6.8,860,7,e63157752M,1,2019-4-3
808,30,7.6,1164,18,H71105893j,1,2018-10-16
809,40,7.4,305,2,a20447473Z,1,2020-5-3
810,30,7.7,1133,17,j20909123h,1,2020-12-8
811,41,8.2,212,2,F18607996J,1,2020-4-8
812,19,8.9,763,16,u18712974o,1,2020-9-2
813,25,7.1,1181,0,D14378015p,1,2020-12-19
814,18,8.7,638,7,j20142456O,1,2019-6-1
815,31,6.9,459,2,a58636521f,1,2020-6-12
816,18,6.6,876,27,F19942233S,1,2020-10-2
817,22,7.7,369,5,D17589382s,1,2019-8-10
818,36,7.2,1062,19,i12944501k,0,2021-2-15
819,23,6.6,745,4,G71862995W,1,2020-8-25
820,24,5.9,502,25,t19187632p,1,2020-6-22
821,19,6.2,860,9,X66567152e,1,2020-9-25
822,18,7.6,643,14,o19607397P,1,2020-8-1
823,22,6.5,1208,8,y18168458X,1,2018-10-6
824,27,7.2,296,4,v94902151f,1,2020-5-1
825,21,6.0,109,4,b55904479X,1,2019-10-17
826,26,7.2,1212,2,k12396840b,1,2018-10-5
827,31,6.0,992,14,L13433076G,0,2019-2-26
828,40,7.1,1089,4,h35647204p,0,2019-1-30
829,23,6.1,937,4,E14495718T,1,2020-10-16
830,29,6.9,698,15,f22541958S,1,2020-8-14
831,33,8.0,1292,4,T91650644k,1,2018-9-13
832,23,7.7,938,6,e62635052M,1,2018-12-15
833,43,6.8,1124,6,h16465052V,0,2019-1-22
834,39,7.8,309,2,F17836400F,0,2019-8-24
835,32,7.6,1775,7,y41584680e,0,2021-8-20
836,31,7.2,198,3,l13713770A,1,2019-9-23
837,45,6.8,642,7,d34573006x,0,2019-5-27
838,24,7.0,642,2,y80446435v,1,2020-8-1
839,18,8.2,1010,7,I16666485V,1,2020-11-6
840,43,6.4,140,4,l21512269d,0,2019-10-10
841,37,7.5,1797,13,J22453109x,0,2021-8-25
842,27,7.5,992,7,p95875220x,1,2020-11-2
843,40,7.4,991,0,K38977839I,0,2019-2-26
844,42,6.4,1099,1,z17760488w,0,2019-1-28
845,18,6.7,651,4,I12459900W,1,2020-8-3
846,19,7.3,1210,1,s21574141V,1,2019-1-2
847,21,6.6,1101,4,a29506543H,1,2018-11-4
848,41,7.2,904,3,b64860222T,0,2021-1-5
849,24,6.6,1154,21,v83845452w,1,2020-12-13
850,26,7.2,1941,7,g20458450M,1,2021-10-5
851,28,6.1,1216,8,A22512963J,0,2021-3-24
852,27,7.3,1314,5,v18269046N,1,2018-9-8
853,29,7.9,430,2,q84949229o,1,2020-6-5
854,23,8.2,1919,16,T15238453j,1,2018-4-1
855,30,7.1,604,2,r79574913k,1,2019-6-9
856,25,7.0,1206,17,h70192559y,1,2019-1-3
857,42,7.5,1004,0,u81662429J,0,2019-2-23
858,33,7.5,2,15,I19130528i,1,2019-11-15
859,29,5.8,116,7,g10611357n,1,2019-12-16
860,33,7.3,126,20,U16352214I,0,2019-10-13
861,43,7.9,1724,17,T17941521R,0,2021-8-8
862,29,6.7,2263,5,a16754454B,1,2017-10-5
863,39,6.7,41,12,v21531432J,0,2019-11-6
864,43,8.3,1192,7,Y51722213l,0,2019-1-6
865,18,7.5,667,1,o32701602V,1,2019-5-21
866,44,7.5,148,6,i30288889t,1,2020-3-20
867,18,7.6,472,13,s11461062t,1,2019-7-13
868,45,7.8,745,5,a13240833K,0,2019-5-3
869,18,7.5,1377,0,f14534071h,1,2018-8-20
870,50,7.0,800,9,U15927897w,0,2019-4-17
871,23,7.3,911,9,I47403563l,1,2020-10-10
872,40,6.3,2014,14,p21847060A,0,2021-10-22
873,30,6.7,510,4,G11410575m,1,2019-7-4
874,18,8.0,1190,1,m22240562H,1,2020-12-21
875,48,7.9,658,7,I31144743x,0,2019-5-23
876,46,7.6,975,15,f22822426N,0,2019-3-3
877,26,6.8,481,0,w10708847S,1,2020-6-17
878,40,8.0,1469,1,g92769225Q,0,2021-5-29
879,20,8.5,908,10,J46119930h,1,2020-10-9
880,37,5.9,1829,6,s51527887d,0,2021-9-6
881,34,5.9,1318,7,j45278733V,0,2021-4-21
882,31,7.5,587,18,Q19011119R,0,2019-6-13
883,19,7.6,1224,22,f18957931t,1,2018-10-2
884,52,7.3,1584,1,B36979819Q,0,2021-6-29
885,50,7.1,874,8,W66187474s,0,2020-9-28
886,24,6.3,947,27,V26311456w,1,2018-12-13
887,43,7.0,1163,16,l32765597B,0,2019-1-13
888,25,6.8,1150,0,T53288304z,1,2020-12-12
889,37,6.4,1451,6,u16734728i,0,2021-5-25
890,43,6.9,292,5,C22823634w,0,2019-8-28
891,34,7.1,1246,6,j11570773l,0,2021-4-4
892,35,7.9,968,12,P19751796S,1,2018-12-8
893,35,7.1,1,5,y16657946V,0,2019-11-16
894,51,6.5,646,15,r98664528m,0,2019-5-26
895,51,6.0,215,13,v16093437u,0,2020-4-9
896,41,8.3,625,7,s17438991P,0,2019-6-4
897,41,7.1,1104,0,M42339460o,0,2020-11-28
898,40,8.0,301,12,D11653851H,1,2020-5-2
899,50,7.7,245,7,x17634023G,0,2019-9-12
900,20,8.1,853,8,N16938965u,1,2020-9-23
901,27,7.8,111,24,z12226235H,1,2020-1-13
902,37,6.6,481,17,O39447996O,0,2020-6-17
903,38,7.5,748,7,K18318332p,0,2019-4-29
904,43,6.6,974,2,V78796879Q,0,2019-2-30
905,26,7.2,817,15,g22125155J,0,2019-4-13
906,26,7.3,947,7,v19286569m,1,2018-12-13
907,38,7.1,1293,11,T10471095X,0,2021-4-15
908,18,7.3,873,7,v86665596a,1,2020-10-1
909,27,7.6,1506,3,w22332716v,0,2021-6-11
910,49,6.7,1110,20,O15609194h,0,2021-2-26
911,44,7.8,697,10,Y15409162O,0,2019-5-14
912,46,8.0,1205,13,H18191195n,0,2019-1-3
913,37,6.2,433,4,D22435148r,0,2019-7-22
914,23,8.3,187,17,x11111468g,1,2020-3-29
915,18,8.0,977,7,U12265627H,1,2020-10-25
916,40,7.3,1171,6,b52583684B,0,2019-1-11
917,40,8.0,884,4,h14251542N,0,2019-3-24
918,43,7.0,613,19,p21205050y,0,2019-6-7
919,41,8.1,255,1,Y34921577j,0,2020-4-18
920,46,6.9,1110,5,r18933584u,0,2021-2-26
921,39,7.8,455,1,v61292402i,1,2020-6-11
922,18,7.1,1146,27,c17469892U,1,2020-12-11
923,46,7.5,1097,19,r10136773n,0,2021-2-23
924,23,7.5,1031,11,Y47311572p,1,2020-11-11
925,45,6.9,1124,2,a46188135x,0,2019-1-22
926,23,7.5,267,15,j13368725Z,1,2019-9-7
927,20,7.1,976,10,d17264813y,1,2020-10-25
928,47,7.0,335,5,E11485607m,0,2019-8-18
929,25,6.6,1150,9,g11544514W,1,2020-12-12
930,50,7.1,822,17,p15264388p,0,2020-9-16
931,20,7.0,1574,8,Q15072266B,1,2018-7-1
932,47,7.7,1201,17,e31434119L,0,2019-1-4
933,21,7.5,663,15,o73767125H,0,2019-5-22
934,26,6.1,326,7,v15868610G,1,2020-5-8
935,48,8.2,406,13,i68073131Y,0,2019-7-28
936,32,7.3,383,4,r90139238u,0,2020-5-21
937,35,7.8,982,4,Q42960170n,0,2021-1-23
938,34,6.0,1119,13,u17925233x,1,2020-12-5
939,52,7.4,2036,20,g18702780O,0,2021-10-27
940,18,7.4,916,14,d16730821K,1,2020-10-11
941,41,7.8,848,8,w10340697H,0,2020-9-22
942,47,7.3,497,13,I16248286F,0,2019-7-7
943,51,7.7,189,9,A12021500o,0,2019-9-25
944,46,6.3,955,0,j19232712U,0,2021-1-17
945,22,7.3,992,25,j20050467t,1,2020-11-2
946,43,6.6,1127,9,W19809021U,0,2021-2-30
947,49,7.4,1297,0,S18196299A,0,2021-4-16
948,28,5.9,873,0,U36631073a,0,2020-9-28
949,47,6.6,2164,11,r90687214m,0,2021-11-30
950,36,7.7,684,9,s50233577Y,1,2019-5-17
951,45,5.8,860,17,y16775478I,0,2019-3-30
952,33,7.4,1898,17,l16399578z,1,2018-4-6
953,33,7.2,296,2,j48093946A,0,2019-8-27
954,36,7.6,936,3,F18013544A,0,2019-3-12
955,24,8.9,328,4,y16999520d,1,2020-5-8
956,27,7.6,638,3,n90690756T,1,2019-6-1
957,28,7.6,100,26,b14448356r,1,2019-12-12
958,42,5.5,1104,16,S46798258P,0,2021-2-25
959,30,7.0,596,17,q82417820P,1,2020-7-17
960,22,5.8,1691,4,K28722369s,1,2018-6-1
961,34,7.7,703,27,f20761493k,0,2020-8-15
962,42,6.3,293,10,I13163383C,0,2020-4-27
963,31,6.8,1012,5,e17955522j,0,2021-1-30
964,22,7.3,796,4,E23055917w,1,2020-9-10
965,40,6.7,937,4,Q66926739J,0,2019-3-12
966,32,8.3,120,1,p17652169W,1,2020-1-11
967,48,6.1,1122,13,C22419041N,0,2021-2-29
968,38,8.0,2179,20,a15874534d,0,2018-1-21
969,41,7.4,1102,6,e23978189a,0,2019-1-27
970,31,7.0,1258,7,V18016743A,1,2018-9-21
971,44,6.3,292,0,c13286277E,0,2019-8-28
972,46,7.6,417,5,s83193277G,0,2020-5-29
973,32,6.4,643,0,F18679079q,0,2020-7-28
974,22,7.0,1035,8,Z14227962p,1,2020-11-12
975,47,7.5,26,8,X90015585U,0,2020-2-6
976,52,7.0,913,12,V39662076X,0,2021-1-7
977,18,6.3,1582,18,e14020744d,1,2018-6-26
978,25,7.1,1660,2,Q30905342v,1,2018-6-8
979,30,7.2,1562,1,p13707581Z,1,2018-7-4
980,43,6.0,1207,0,h20829358N,0,2021-3-22
981,41,6.7,237,8,G29448782J,0,2019-9-14
982,40,8.6,1004,1,c16664824z,0,2019-2-23
983,26,5.9,14,4,V18023332J,1,2020-2-9
984,32,7.3,860,26,L81214340F,1,2019-4-3
985,23,8.0,855,1,J12556297l,1,2019-4-4
986,52,6.8,787,27,V30485470I,0,2019-4-20
987,46,7.3,1315,4,W45441315U,0,2021-4-20
988,42,6.9,424,12,j76644953Y,0,2019-7-24
989,34,6.6,1890,8,r18612841F,1,2018-4-8
990,28,7.5,1323,3,Z16746154b,0,2021-4-22
991,35,7.4,1754,13,d15865926C,0,2021-8-15
992,50,6.2,1156,9,F10323351F,0,2021-3-10
993,33,7.9,395,9,J16224357g,0,2019-8-4
994,21,7.6,1105,8,N18338836J,1,2018-11-3
995,37,6.5,437,18,i18514514u,0,2019-7-21
996,30,7.3,609,8,g22762067C,1,2020-7-20
997,39,8.0,851,7,m18587428g,0,2019-4-5
998,27,7.7,156,8,G11119296U,1,2019-10-6
999,41,7.7,1387,4,z11156167f,0,2021-5-10
